"Sample_ID","Customer_Name","Subject_Barcode","female","male","full_sib","CIP","DArT"
"24-PEP-02-P01A01S000001","24-PEP-02-P01_A01","CIP318106.003","CIP512005.4","CIP308498.280","CIP512005.4_x_CIP308498.280",TRUE,TRUE
"24-PEP-02-P01A02S000009","24-PEP-02-P01_A02","CIP318106.006","CIP512005.4","CIP308498.280","CIP512005.4_x_CIP308498.280",TRUE,TRUE
"24-PEP-02-P01A03S000017","24-PEP-02-P01_A03","CIP318106.008","CIP512005.4","CIP308498.280","CIP512005.4_x_CIP308498.280",TRUE,TRUE
"24-PEP-02-P01A04S000025","24-PEP-02-P01_A04","CIP318106.014","CIP512005.4","CIP308498.280","CIP512005.4_x_CIP308498.280",TRUE,TRUE
"24-PEP-02-P01A05S000033","24-PEP-02-P01_A05","CIP318106.017","CIP512005.4","CIP308498.280","CIP512005.4_x_CIP308498.280",TRUE,TRUE
"24-PEP-02-P01A06S000041","24-PEP-02-P01_A06","CIP318106.021","CIP512005.4","CIP308498.280","CIP512005.4_x_CIP308498.280",TRUE,TRUE
"24-PEP-02-P01A07S000049","24-PEP-02-P01_A07","CIP318106.028","CIP512005.4","CIP308498.280","CIP512005.4_x_CIP308498.280",TRUE,TRUE
"24-PEP-02-P01A08S000057","24-PEP-02-P01_A08","CIP318106.031","CIP512005.4","CIP308498.280","CIP512005.4_x_CIP308498.280",TRUE,TRUE
"24-PEP-02-P01A09S000065","24-PEP-02-P01_A09","CIP318106.034","CIP512005.4","CIP308498.280","CIP512005.4_x_CIP308498.280",TRUE,TRUE
"24-PEP-02-P01A10S000073","24-PEP-02-P01_A10","CIP318106.035","CIP512005.4","CIP308498.280","CIP512005.4_x_CIP308498.280",TRUE,TRUE
"24-PEP-02-P01A11S000081","24-PEP-02-P01_A11","CIP318106.037","CIP512005.4","CIP308498.280","CIP512005.4_x_CIP308498.280",TRUE,TRUE
"24-PEP-02-P01A12S000089","24-PEP-02-P01_A12","CIP318106.050","CIP512005.4","CIP308498.280","CIP512005.4_x_CIP308498.280",TRUE,TRUE
"24-PEP-02-P01B01S000002","24-PEP-02-P01_B01","CIP318106.052","CIP512005.4","CIP308498.280","CIP512005.4_x_CIP308498.280",TRUE,TRUE
"24-PEP-02-P01B02S000010","24-PEP-02-P01_B02","CIP318106.055","CIP512005.4","CIP308498.280","CIP512005.4_x_CIP308498.280",TRUE,TRUE
"24-PEP-02-P01B03S000018","24-PEP-02-P01_B03","CIP318106.082","CIP512005.4","CIP308498.280","CIP512005.4_x_CIP308498.280",TRUE,TRUE
"24-PEP-02-P01B04S000026","24-PEP-02-P01_B04","CIP318106.092","CIP512005.4","CIP308498.280","CIP512005.4_x_CIP308498.280",TRUE,TRUE
"24-PEP-02-P01B05S000034","24-PEP-02-P01_B05","CIP318106.116","CIP512005.4","CIP308498.280","CIP512005.4_x_CIP308498.280",TRUE,TRUE
"24-PEP-02-P01B06S000042","24-PEP-02-P01_B06","CIP318107.003","CIP512010.1","CIP398208.33","CIP512010.1_x_CIP398208.33",TRUE,TRUE
"24-PEP-02-P01B07S000050","24-PEP-02-P01_B07","CIP318107.009","CIP512010.1","CIP398208.33","CIP512010.1_x_CIP398208.33",TRUE,TRUE
"24-PEP-02-P01B08S000058","24-PEP-02-P01_B08","CIP318107.012","CIP512010.1","CIP398208.33","CIP512010.1_x_CIP398208.33",TRUE,TRUE
"24-PEP-02-P01B09S000066","24-PEP-02-P01_B09","CIP318107.017","CIP512010.1","CIP398208.33","CIP512010.1_x_CIP398208.33",TRUE,TRUE
"24-PEP-02-P01B10S000074","24-PEP-02-P01_B10","CIP318107.020","CIP512010.1","CIP398208.33","CIP512010.1_x_CIP398208.33",TRUE,TRUE
"24-PEP-02-P01B11S000082","24-PEP-02-P01_B11","CIP318107.023","CIP512010.1","CIP398208.33","CIP512010.1_x_CIP398208.33",TRUE,TRUE
"24-PEP-02-P01B12S000090","24-PEP-02-P01_B12","CIP318107.037","CIP512010.1","CIP398208.33","CIP512010.1_x_CIP398208.33",TRUE,TRUE
"24-PEP-02-P01C01S000003","24-PEP-02-P01_C01","CIP318107.038","CIP512010.1","CIP398208.33","CIP512010.1_x_CIP398208.33",TRUE,TRUE
"24-PEP-02-P01C02S000011","24-PEP-02-P01_C02","CIP318107.040","CIP512010.1","CIP398208.33","CIP512010.1_x_CIP398208.33",TRUE,TRUE
"24-PEP-02-P01C03S000019","24-PEP-02-P01_C03","CIP318107.044","CIP512010.1","CIP398208.33","CIP512010.1_x_CIP398208.33",TRUE,TRUE
"24-PEP-02-P01C04S000027","24-PEP-02-P01_C04","CIP318107.045","CIP512010.1","CIP398208.33","CIP512010.1_x_CIP398208.33",TRUE,TRUE
"24-PEP-02-P01C05S000035","24-PEP-02-P01_C05","CIP318107.046","CIP512010.1","CIP398208.33","CIP512010.1_x_CIP398208.33",TRUE,TRUE
"24-PEP-02-P01C06S000043","24-PEP-02-P01_C06","CIP318107.049","CIP512010.1","CIP398208.33","CIP512010.1_x_CIP398208.33",TRUE,TRUE
"24-PEP-02-P01C07S000051","24-PEP-02-P01_C07","CIP318107.058","CIP512010.1","CIP398208.33","CIP512010.1_x_CIP398208.33",TRUE,TRUE
"24-PEP-02-P01C08S000059","24-PEP-02-P01_C08","CIP318107.071","CIP512010.1","CIP398208.33","CIP512010.1_x_CIP398208.33",TRUE,TRUE
"24-PEP-02-P01C09S000067","24-PEP-02-P01_C09","CIP318107.092","CIP512010.1","CIP398208.33","CIP512010.1_x_CIP398208.33",TRUE,TRUE
"24-PEP-02-P01C10S000075","24-PEP-02-P01_C10","CIP318107.120","CIP512010.1","CIP398208.33","CIP512010.1_x_CIP398208.33",TRUE,TRUE
"24-PEP-02-P01C11S000083","24-PEP-02-P01_C11","CIP318108.006","CIP512010.1","CIP398208.620","CIP512010.1_x_CIP398208.620",TRUE,TRUE
"24-PEP-02-P01C12S000091","24-PEP-02-P01_C12","CIP318108.031","CIP512010.1","CIP398208.620","CIP512010.1_x_CIP398208.620",TRUE,TRUE
"24-PEP-02-P01D01S000004","24-PEP-02-P01_D01","CIP318108.034","CIP512010.1","CIP398208.620","CIP512010.1_x_CIP398208.620",TRUE,TRUE
"24-PEP-02-P01D02S000012","24-PEP-02-P01_D02","CIP318108.042","CIP512010.1","CIP398208.620","CIP512010.1_x_CIP398208.620",TRUE,TRUE
"24-PEP-02-P01D03S000020","24-PEP-02-P01_D03","CIP318108.055","CIP512010.1","CIP398208.620","CIP512010.1_x_CIP398208.620",TRUE,TRUE
"24-PEP-02-P01D04S000028","24-PEP-02-P01_D04","CIP318108.057","CIP512010.1","CIP398208.620","CIP512010.1_x_CIP398208.620",TRUE,TRUE
"24-PEP-02-P01D05S000036","24-PEP-02-P01_D05","CIP318108.060","CIP512010.1","CIP398208.620","CIP512010.1_x_CIP398208.620",TRUE,TRUE
"24-PEP-02-P01D06S000044","24-PEP-02-P01_D06","CIP318108.070","CIP512010.1","CIP398208.620","CIP512010.1_x_CIP398208.620",TRUE,TRUE
"24-PEP-02-P01D07S000052","24-PEP-02-P01_D07","CIP318108.072","CIP512010.1","CIP398208.620","CIP512010.1_x_CIP398208.620",TRUE,TRUE
"24-PEP-02-P01D08S000060","24-PEP-02-P01_D08","CIP318108.074","CIP512010.1","CIP398208.620","CIP512010.1_x_CIP398208.620",TRUE,TRUE
"24-PEP-02-P01D09S000068","24-PEP-02-P01_D09","CIP318108.116","CIP512010.1","CIP398208.620","CIP512010.1_x_CIP398208.620",TRUE,TRUE
"24-PEP-02-P01D10S000076","24-PEP-02-P01_D10","CIP318109.009","CIP512010.1","CIP398208.219","CIP512010.1_x_CIP398208.219",TRUE,TRUE
"24-PEP-02-P01D11S000084","24-PEP-02-P01_D11","CIP318109.016","CIP512010.1","CIP398208.219","CIP512010.1_x_CIP398208.219",TRUE,TRUE
"24-PEP-02-P01D12S000092","24-PEP-02-P01_D12","CIP318109.021","CIP512010.1","CIP398208.219","CIP512010.1_x_CIP398208.219",TRUE,TRUE
"24-PEP-02-P01E01S000005","24-PEP-02-P01_E01","CIP318109.026","CIP512010.1","CIP398208.219","CIP512010.1_x_CIP398208.219",TRUE,TRUE
"24-PEP-02-P01E02S000013","24-PEP-02-P01_E02","CIP318109.031","CIP512010.1","CIP398208.219","CIP512010.1_x_CIP398208.219",TRUE,TRUE
"24-PEP-02-P01E03S000021","24-PEP-02-P01_E03","CIP318109.032","CIP512010.1","CIP398208.219","CIP512010.1_x_CIP398208.219",TRUE,TRUE
"24-PEP-02-P01E04S000029","24-PEP-02-P01_E04","CIP318109.041","CIP512010.1","CIP398208.219","CIP512010.1_x_CIP398208.219",TRUE,TRUE
"24-PEP-02-P01E05S000037","24-PEP-02-P01_E05","CIP318109.044","CIP512010.1","CIP398208.219","CIP512010.1_x_CIP398208.219",TRUE,TRUE
"24-PEP-02-P01E06S000045","24-PEP-02-P01_E06","CIP318109.072","CIP512010.1","CIP398208.219","CIP512010.1_x_CIP398208.219",TRUE,TRUE
"24-PEP-02-P01E07S000053","24-PEP-02-P01_E07","CIP318109.080","CIP512010.1","CIP398208.219","CIP512010.1_x_CIP398208.219",TRUE,TRUE
"24-PEP-02-P01E08S000061","24-PEP-02-P01_E08","CIP318109.081","CIP512010.1","CIP398208.219","CIP512010.1_x_CIP398208.219",TRUE,TRUE
"24-PEP-02-P01E09S000069","24-PEP-02-P01_E09","CIP318109.090","CIP512010.1","CIP398208.219","CIP512010.1_x_CIP398208.219",TRUE,TRUE
"24-PEP-02-P01E10S000077","24-PEP-02-P01_E10","CIP318109.097","CIP512010.1","CIP398208.219","CIP512010.1_x_CIP398208.219",TRUE,TRUE
"24-PEP-02-P01E11S000085","24-PEP-02-P01_E11","CIP318109.112","CIP512010.1","CIP398208.219","CIP512010.1_x_CIP398208.219",TRUE,TRUE
"24-PEP-02-P01E12S000093","24-PEP-02-P01_E12","CIP318109.113","CIP512010.1","CIP398208.219","CIP512010.1_x_CIP398208.219",TRUE,TRUE
"24-PEP-02-P01F01S000006","24-PEP-02-P01_F01","CIP318109.115","CIP512010.1","CIP398208.219","CIP512010.1_x_CIP398208.219",TRUE,TRUE
"24-PEP-02-P01F02S000014","24-PEP-02-P01_F02","CIP318109.119","CIP512010.1","CIP398208.219","CIP512010.1_x_CIP398208.219",TRUE,TRUE
"24-PEP-02-P01F03S000022","24-PEP-02-P01_F03","CIP318109.120","CIP512010.1","CIP398208.219","CIP512010.1_x_CIP398208.219",TRUE,TRUE
"24-PEP-02-P01F04S000030","24-PEP-02-P01_F04","CIP318110.003","CIP512010.1","CIP398098.203","CIP512010.1_x_CIP398098.203",TRUE,TRUE
"24-PEP-02-P01F05S000038","24-PEP-02-P01_F05","CIP318110.009","CIP512010.1","CIP398098.203","CIP512010.1_x_CIP398098.203",TRUE,TRUE
"24-PEP-02-P01F06S000046","24-PEP-02-P01_F06","CIP318110.012","CIP512010.1","CIP398098.203","CIP512010.1_x_CIP398098.203",TRUE,TRUE
"24-PEP-02-P01F07S000054","24-PEP-02-P01_F07","CIP318110.014","CIP512010.1","CIP398098.203","CIP512010.1_x_CIP398098.203",TRUE,TRUE
"24-PEP-02-P01F08S000062","24-PEP-02-P01_F08","CIP318110.018","CIP512010.1","CIP398098.203","CIP512010.1_x_CIP398098.203",TRUE,TRUE
"24-PEP-02-P01F09S000070","24-PEP-02-P01_F09","CIP318110.039","CIP512010.1","CIP398098.203","CIP512010.1_x_CIP398098.203",TRUE,TRUE
"24-PEP-02-P01F10S000078","24-PEP-02-P01_F10","CIP318110.100","CIP512010.1","CIP398098.203","CIP512010.1_x_CIP398098.203",TRUE,TRUE
"24-PEP-02-P01F11S000086","24-PEP-02-P01_F11","CIP318110.103","CIP512010.1","CIP398098.203","CIP512010.1_x_CIP398098.203",TRUE,TRUE
"24-PEP-02-P01F12S000094","24-PEP-02-P01_F12","CIP318110.107","CIP512010.1","CIP398098.203","CIP512010.1_x_CIP398098.203",TRUE,TRUE
"24-PEP-02-P01G01S000007","24-PEP-02-P01_G01","CIP318110.116","CIP512010.1","CIP398098.203","CIP512010.1_x_CIP398098.203",TRUE,TRUE
"24-PEP-02-P01G02S000015","24-PEP-02-P01_G02","CIP318111.004","CIP512010.1","CIP302533.49","CIP512010.1_x_CIP302533.49",TRUE,TRUE
"24-PEP-02-P01G03S000023","24-PEP-02-P01_G03","CIP318111.006","CIP512010.1","CIP302533.49","CIP512010.1_x_CIP302533.49",TRUE,TRUE
"24-PEP-02-P01G04S000031","24-PEP-02-P01_G04","CIP318111.012","CIP512010.1","CIP302533.49","CIP512010.1_x_CIP302533.49",TRUE,TRUE
"24-PEP-02-P01G05S000039","24-PEP-02-P01_G05","CIP318111.017","CIP512010.1","CIP302533.49","CIP512010.1_x_CIP302533.49",TRUE,TRUE
"24-PEP-02-P01G06S000047","24-PEP-02-P01_G06","CIP318111.021","CIP512010.1","CIP302533.49","CIP512010.1_x_CIP302533.49",TRUE,TRUE
"24-PEP-02-P01G07S000055","24-PEP-02-P01_G07","CIP318111.040","CIP512010.1","CIP302533.49","CIP512010.1_x_CIP302533.49",TRUE,TRUE
"24-PEP-02-P01G08S000063","24-PEP-02-P01_G08","CIP318111.045","CIP512010.1","CIP398098.204","CIP512010.1_x_CIP398098.204",TRUE,TRUE
"24-PEP-02-P01G09S000071","24-PEP-02-P01_G09","CIP318111.054","CIP512010.1","CIP302533.49","CIP512010.1_x_CIP302533.49",TRUE,TRUE
"24-PEP-02-P01G10S000079","24-PEP-02-P01_G10","CIP318111.055","CIP512010.1","CIP302533.49","CIP512010.1_x_CIP302533.49",TRUE,TRUE
"24-PEP-02-P01G11S000087","24-PEP-02-P01_G11","CIP318111.058","CIP512010.1","CIP302533.49","CIP512010.1_x_CIP302533.49",TRUE,TRUE
"24-PEP-02-P01H01S000008","24-PEP-02-P01_H01","CIP318111.059","CIP512010.1","CIP302533.49","CIP512010.1_x_CIP302533.49",TRUE,TRUE
"24-PEP-02-P01H02S000016","24-PEP-02-P01_H02","CIP318111.060","CIP512010.1","CIP302533.49","CIP512010.1_x_CIP302533.49",TRUE,TRUE
"24-PEP-02-P01H03S000024","24-PEP-02-P01_H03","CIP318111.065","CIP512010.1","CIP302533.49","CIP512010.1_x_CIP302533.49",TRUE,TRUE
"24-PEP-02-P01H04S000032","24-PEP-02-P01_H04","CIP318111.071","CIP512010.1","CIP302533.49","CIP512010.1_x_CIP302533.49",TRUE,TRUE
"24-PEP-02-P01H05S000040","24-PEP-02-P01_H05","CIP318111.078","CIP512010.1","CIP398098.204","CIP512010.1_x_CIP398098.204",TRUE,TRUE
"24-PEP-02-P01H06S000048","24-PEP-02-P01_H06","CIP318111.083","CIP512010.1","CIP398098.204","CIP512010.1_x_CIP398098.204",TRUE,TRUE
"24-PEP-02-P01H07S000056","24-PEP-02-P01_H07","CIP318111.090","CIP512010.1","CIP302533.49","CIP512010.1_x_CIP302533.49",TRUE,TRUE
"24-PEP-02-P01H08S000064","24-PEP-02-P01_H08","CIP318111.091","CIP512010.1","CIP302533.49","CIP512010.1_x_CIP302533.49",TRUE,TRUE
"24-PEP-02-P01H09S000072","24-PEP-02-P01_H09","CIP318111.094","CIP512010.1","CIP302533.49","CIP512010.1_x_CIP302533.49",TRUE,TRUE
"24-PEP-02-P01H10S000080","24-PEP-02-P01_H10","CIP318111.095","CIP512010.1","CIP302533.49","CIP512010.1_x_CIP302533.49",TRUE,TRUE
"24-PEP-02-P01H11S000088","24-PEP-02-P01_H11","CIP318111.107","CIP512010.1","CIP302533.49","CIP512010.1_x_CIP302533.49",TRUE,TRUE
"24-PEP-02-P02A01S000001","24-PEP-02-P02_A01","CIP318111.117","CIP512010.1","CIP302533.49","CIP512010.1_x_CIP302533.49",TRUE,TRUE
"24-PEP-02-P02A02S000009","24-PEP-02-P02_A02","CIP318112.002","CIP512010.1","CIP398098.204","CIP512010.1_x_CIP398098.204",TRUE,TRUE
"24-PEP-02-P02A03S000017","24-PEP-02-P02_A03","CIP318112.003","CIP512010.1","CIP302533.49","CIP512010.1_x_CIP302533.49",TRUE,TRUE
"24-PEP-02-P02A04S000025","24-PEP-02-P02_A04","CIP318112.011","CIP512010.1","CIP302533.49","CIP512010.1_x_CIP302533.49",TRUE,TRUE
"24-PEP-02-P02A05S000033","24-PEP-02-P02_A05","CIP318112.014","CIP512010.1","CIP302533.49","CIP512010.1_x_CIP302533.49",TRUE,TRUE
"24-PEP-02-P02A06S000041","24-PEP-02-P02_A06","CIP318112.015","CIP512010.1","CIP398098.204","CIP512010.1_x_CIP398098.204",TRUE,TRUE
"24-PEP-02-P02A07S000049","24-PEP-02-P02_A07","CIP318112.016","CIP512010.1","CIP398098.204","CIP512010.1_x_CIP398098.204",TRUE,TRUE
"24-PEP-02-P02A08S000057","24-PEP-02-P02_A08","CIP318112.017","CIP512010.1","CIP302533.49","CIP512010.1_x_CIP302533.49",TRUE,TRUE
"24-PEP-02-P02A09S000065","24-PEP-02-P02_A09","CIP318112.029","CIP512010.1","CIP398098.204","CIP512010.1_x_CIP398098.204",TRUE,TRUE
"24-PEP-02-P02A10S000073","24-PEP-02-P02_A10","CIP318112.034","CIP512010.1","CIP302533.49","CIP512010.1_x_CIP302533.49",TRUE,TRUE
"24-PEP-02-P02A11S000081","24-PEP-02-P02_A11","CIP318112.054","CIP512010.1","CIP302533.49","CIP512010.1_x_CIP302533.49",TRUE,TRUE
"24-PEP-02-P02A12S000089","24-PEP-02-P02_A12","CIP318112.055","CIP512010.1","CIP302533.49","CIP512010.1_x_CIP302533.49",TRUE,TRUE
"24-PEP-02-P02B01S000002","24-PEP-02-P02_B01","CIP318112.063","CIP512010.1","CIP398098.204","CIP512010.1_x_CIP398098.204",TRUE,TRUE
"24-PEP-02-P02B02S000010","24-PEP-02-P02_B02","CIP318112.069","CIP512010.1","CIP398098.204","CIP512010.1_x_CIP398098.204",TRUE,TRUE
"24-PEP-02-P02B03S000018","24-PEP-02-P02_B03","CIP318112.076","CIP512010.1","CIP398098.204","CIP512010.1_x_CIP398098.204",TRUE,TRUE
"24-PEP-02-P02B04S000026","24-PEP-02-P02_B04","CIP318112.078","CIP512010.1","CIP302533.49","CIP512010.1_x_CIP302533.49",TRUE,TRUE
"24-PEP-02-P02B05S000034","24-PEP-02-P02_B05","CIP318112.080","CIP512010.1","CIP302533.49","CIP512010.1_x_CIP302533.49",TRUE,TRUE
"24-PEP-02-P02B06S000042","24-PEP-02-P02_B06","CIP318112.084","CIP512010.1","CIP302533.49","CIP512010.1_x_CIP302533.49",TRUE,TRUE
"24-PEP-02-P02B07S000050","24-PEP-02-P02_B07","CIP318112.091","CIP512010.1","CIP302533.49","CIP512010.1_x_CIP302533.49",TRUE,TRUE
"24-PEP-02-P02B08S000058","24-PEP-02-P02_B08","CIP318112.097","CIP512010.1","CIP302533.49","CIP512010.1_x_CIP302533.49",TRUE,TRUE
"24-PEP-02-P02B09S000066","24-PEP-02-P02_B09","CIP318112.098","CIP512010.1","CIP302533.49","CIP512010.1_x_CIP302533.49",TRUE,TRUE
"24-PEP-02-P02B10S000074","24-PEP-02-P02_B10","CIP318112.103","CIP512010.1","CIP398098.204","CIP512010.1_x_CIP398098.204",TRUE,TRUE
"24-PEP-02-P02B11S000082","24-PEP-02-P02_B11","CIP318112.105","CIP512010.1","CIP302533.49","CIP512010.1_x_CIP302533.49",TRUE,TRUE
"24-PEP-02-P02B12S000090","24-PEP-02-P02_B12","CIP318112.106","CIP512010.1","CIP302533.49","CIP512010.1_x_CIP302533.49",TRUE,TRUE
"24-PEP-02-P02C01S000003","24-PEP-02-P02_C01","CIP318112.114","CIP512010.1","CIP302533.49","CIP512010.1_x_CIP302533.49",TRUE,TRUE
"24-PEP-02-P02C02S000011","24-PEP-02-P02_C02","CIP318112.117","CIP512010.1","CIP302533.49","CIP512010.1_x_CIP302533.49",TRUE,TRUE
"24-PEP-02-P02C03S000019","24-PEP-02-P02_C03","CIP318112.120","CIP512010.1","CIP302533.49","CIP512010.1_x_CIP302533.49",TRUE,TRUE
"24-PEP-02-P02C04S000027","24-PEP-02-P02_C04","CIP318113.007","CIP512010.1","CIP308498.280","CIP512010.1_x_CIP308498.280",TRUE,TRUE
"24-PEP-02-P02C05S000035","24-PEP-02-P02_C05","CIP318113.022","CIP512010.1","CIP308498.280","CIP512010.1_x_CIP308498.280",TRUE,TRUE
"24-PEP-02-P02C06S000043","24-PEP-02-P02_C06","CIP318113.044","CIP512010.1","CIP308498.280","CIP512010.1_x_CIP308498.280",TRUE,TRUE
"24-PEP-02-P02C07S000051","24-PEP-02-P02_C07","CIP318113.074","CIP512010.1","CIP308498.280","CIP512010.1_x_CIP308498.280",TRUE,TRUE
"24-PEP-02-P02C08S000059","24-PEP-02-P02_C08","CIP318113.081","CIP512010.1","CIP308498.280","CIP512010.1_x_CIP308498.280",TRUE,TRUE
"24-PEP-02-P02C09S000067","24-PEP-02-P02_C09","CIP318113.104","CIP512010.1","CIP308498.280","CIP512010.1_x_CIP308498.280",TRUE,TRUE
"24-PEP-02-P02C10S000075","24-PEP-02-P02_C10","CIP318113.116","CIP512010.1","CIP308498.280","CIP512010.1_x_CIP308498.280",TRUE,TRUE
"24-PEP-02-P02C11S000083","24-PEP-02-P02_C11","CIP318114.008","CIP512010.1","CIP308503.58","CIP512010.1_x_CIP308503.58",TRUE,TRUE
"24-PEP-02-P02C12S000091","24-PEP-02-P02_C12","CIP318114.035","CIP512010.1","CIP308503.58","CIP512010.1_x_CIP308503.58",TRUE,TRUE
"24-PEP-02-P02D01S000004","24-PEP-02-P02_D01","CIP318114.036","CIP512010.1","CIP308503.58","CIP512010.1_x_CIP308503.58",TRUE,TRUE
"24-PEP-02-P02D02S000012","24-PEP-02-P02_D02","CIP318114.037","CIP512010.1","CIP308503.58","CIP512010.1_x_CIP308503.58",TRUE,TRUE
"24-PEP-02-P02D03S000020","24-PEP-02-P02_D03","CIP318114.043","CIP512010.1","CIP308503.58","CIP512010.1_x_CIP308503.58",TRUE,TRUE
"24-PEP-02-P02D04S000028","24-PEP-02-P02_D04","CIP318114.045","CIP512010.1","CIP308503.58","CIP512010.1_x_CIP308503.58",TRUE,TRUE
"24-PEP-02-P02D05S000036","24-PEP-02-P02_D05","CIP318114.050","CIP512010.1","CIP308503.58","CIP512010.1_x_CIP308503.58",TRUE,TRUE
"24-PEP-02-P02D06S000044","24-PEP-02-P02_D06","CIP318114.061","CIP512010.1","CIP308503.58","CIP512010.1_x_CIP308503.58",TRUE,TRUE
"24-PEP-02-P02D07S000052","24-PEP-02-P02_D07","CIP318114.065","CIP512010.1","CIP308503.58","CIP512010.1_x_CIP308503.58",TRUE,TRUE
"24-PEP-02-P02D08S000060","24-PEP-02-P02_D08","CIP318114.071","CIP512010.1","CIP308503.58","CIP512010.1_x_CIP308503.58",TRUE,TRUE
"24-PEP-02-P02D09S000068","24-PEP-02-P02_D09","CIP318114.073","CIP512010.1","CIP308503.58","CIP512010.1_x_CIP308503.58",TRUE,TRUE
"24-PEP-02-P02D10S000076","24-PEP-02-P02_D10","CIP318114.075","CIP512010.1","CIP308503.58","CIP512010.1_x_CIP308503.58",TRUE,TRUE
"24-PEP-02-P02D11S000084","24-PEP-02-P02_D11","CIP318114.076","CIP512010.1","CIP308503.58","CIP512010.1_x_CIP308503.58",TRUE,TRUE
"24-PEP-02-P02D12S000092","24-PEP-02-P02_D12","CIP318114.078","CIP512010.1","CIP308503.58","CIP512010.1_x_CIP308503.58",TRUE,TRUE
"24-PEP-02-P02E01S000005","24-PEP-02-P02_E01","CIP318114.080","CIP512010.1","CIP308503.58","CIP512010.1_x_CIP308503.58",TRUE,TRUE
"24-PEP-02-P02E02S000013","24-PEP-02-P02_E02","CIP318114.082","CIP512010.1","CIP308503.58","CIP512010.1_x_CIP308503.58",TRUE,TRUE
"24-PEP-02-P02E03S000021","24-PEP-02-P02_E03","CIP318114.097","CIP512010.1","CIP308503.58","CIP512010.1_x_CIP308503.58",TRUE,TRUE
"24-PEP-02-P02E04S000029","24-PEP-02-P02_E04","CIP318114.099","CIP512010.1","CIP308503.58","CIP512010.1_x_CIP308503.58",TRUE,TRUE
"24-PEP-02-P02E05S000037","24-PEP-02-P02_E05","CIP318114.101","CIP512010.1","CIP308503.58","CIP512010.1_x_CIP308503.58",TRUE,TRUE
"24-PEP-02-P02E06S000045","24-PEP-02-P02_E06","CIP318114.110","CIP512010.1","CIP308503.58","CIP512010.1_x_CIP308503.58",TRUE,TRUE
"24-PEP-02-P02E07S000053","24-PEP-02-P02_E07","CIP318115.003","CIP512010.1","CIP312896.025","CIP512010.1_x_CIP312896.025",TRUE,TRUE
"24-PEP-02-P02E08S000061","24-PEP-02-P02_E08","CIP318115.005","CIP512010.1","CIP312896.025","CIP512010.1_x_CIP312896.025",TRUE,TRUE
"24-PEP-02-P02E09S000069","24-PEP-02-P02_E09","CIP318115.006","CIP512010.1","CIP312896.025","CIP512010.1_x_CIP312896.025",TRUE,TRUE
"24-PEP-02-P02E10S000077","24-PEP-02-P02_E10","CIP318115.007","CIP512010.1","CIP312896.025","CIP512010.1_x_CIP312896.025",TRUE,TRUE
"24-PEP-02-P02E11S000085","24-PEP-02-P02_E11","CIP318115.009","CIP512010.1","CIP312896.025","CIP512010.1_x_CIP312896.025",TRUE,TRUE
"24-PEP-02-P02E12S000093","24-PEP-02-P02_E12","CIP318115.010","CIP512010.1","CIP312896.025","CIP512010.1_x_CIP312896.025",TRUE,TRUE
"24-PEP-02-P02F01S000006","24-PEP-02-P02_F01","CIP318115.022","CIP512010.1","CIP312896.025","CIP512010.1_x_CIP312896.025",TRUE,TRUE
"24-PEP-02-P02F02S000014","24-PEP-02-P02_F02","CIP318115.024","CIP512010.1","CIP312896.025","CIP512010.1_x_CIP312896.025",TRUE,TRUE
"24-PEP-02-P02F03S000022","24-PEP-02-P02_F03","CIP318115.025","CIP512010.1","CIP312896.025","CIP512010.1_x_CIP312896.025",TRUE,TRUE
"24-PEP-02-P02F04S000030","24-PEP-02-P02_F04","CIP318115.028","CIP512010.1","CIP312896.025","CIP512010.1_x_CIP312896.025",TRUE,TRUE
"24-PEP-02-P02F05S000038","24-PEP-02-P02_F05","CIP318115.029","CIP512010.1","CIP312896.025","CIP512010.1_x_CIP312896.025",TRUE,TRUE
"24-PEP-02-P02F06S000046","24-PEP-02-P02_F06","CIP318115.035","CIP512010.1","CIP312896.025","CIP512010.1_x_CIP312896.025",TRUE,TRUE
"24-PEP-02-P02F07S000054","24-PEP-02-P02_F07","CIP318115.039","CIP512010.1","CIP312896.025","CIP512010.1_x_CIP312896.025",TRUE,TRUE
"24-PEP-02-P02F08S000062","24-PEP-02-P02_F08","CIP318115.046","CIP512010.1","CIP312896.025","CIP512010.1_x_CIP312896.025",TRUE,TRUE
"24-PEP-02-P02F09S000070","24-PEP-02-P02_F09","CIP318115.047","CIP512010.1","CIP312896.025","CIP512010.1_x_CIP312896.025",TRUE,TRUE
"24-PEP-02-P02F10S000078","24-PEP-02-P02_F10","CIP318115.051","CIP512010.1","CIP312896.025","CIP512010.1_x_CIP312896.025",TRUE,TRUE
"24-PEP-02-P02F11S000086","24-PEP-02-P02_F11","CIP318115.053","CIP512010.1","CIP312896.025","CIP512010.1_x_CIP312896.025",TRUE,TRUE
"24-PEP-02-P02F12S000094","24-PEP-02-P02_F12","CIP318115.064","CIP512010.1","CIP312896.025","CIP512010.1_x_CIP312896.025",TRUE,TRUE
"24-PEP-02-P02G01S000007","24-PEP-02-P02_G01","CIP318115.067","CIP512010.1","CIP312896.025","CIP512010.1_x_CIP312896.025",TRUE,TRUE
"24-PEP-02-P02G02S000015","24-PEP-02-P02_G02","CIP318115.068","CIP512010.1","CIP312896.025","CIP512010.1_x_CIP312896.025",TRUE,TRUE
"24-PEP-02-P02G03S000023","24-PEP-02-P02_G03","CIP318115.070","CIP512010.1","CIP312896.025","CIP512010.1_x_CIP312896.025",TRUE,TRUE
"24-PEP-02-P02G04S000031","24-PEP-02-P02_G04","CIP318115.076","CIP512010.1","CIP312896.025","CIP512010.1_x_CIP312896.025",TRUE,TRUE
"24-PEP-02-P02G05S000039","24-PEP-02-P02_G05","CIP318115.081","CIP512010.1","CIP312896.025","CIP512010.1_x_CIP312896.025",TRUE,TRUE
"24-PEP-02-P02G06S000047","24-PEP-02-P02_G06","CIP318115.088","CIP512010.1","CIP312896.025","CIP512010.1_x_CIP312896.025",TRUE,TRUE
"24-PEP-02-P02G07S000055","24-PEP-02-P02_G07","CIP318115.091","CIP512010.1","CIP312896.025","CIP512010.1_x_CIP312896.025",TRUE,TRUE
"24-PEP-02-P02G08S000063","24-PEP-02-P02_G08","CIP318115.092","CIP512010.1","CIP312896.025","CIP512010.1_x_CIP312896.025",TRUE,TRUE
"24-PEP-02-P02G09S000071","24-PEP-02-P02_G09","CIP318115.095","CIP512010.1","CIP312896.025","CIP512010.1_x_CIP312896.025",TRUE,TRUE
"24-PEP-02-P02G10S000079","24-PEP-02-P02_G10","CIP318115.096","CIP512010.1","CIP312896.025","CIP512010.1_x_CIP312896.025",TRUE,TRUE
"24-PEP-02-P02G11S000087","24-PEP-02-P02_G11","CIP318115.103","CIP512010.1","CIP312896.025","CIP512010.1_x_CIP312896.025",TRUE,TRUE
"24-PEP-02-P02H01S000008","24-PEP-02-P02_H01","CIP318115.109","CIP512010.1","CIP312896.025","CIP512010.1_x_CIP312896.025",TRUE,TRUE
"24-PEP-02-P02H02S000016","24-PEP-02-P02_H02","CIP318116.004","CIP512010.1","CIP312918.058","CIP512010.1_x_CIP312918.058",TRUE,TRUE
"24-PEP-02-P02H03S000024","24-PEP-02-P02_H03","CIP318116.012","CIP512010.1","CIP312918.058","CIP512010.1_x_CIP312918.058",TRUE,TRUE
"24-PEP-02-P02H04S000032","24-PEP-02-P02_H04","CIP318116.024","CIP512010.1","CIP312918.058","CIP512010.1_x_CIP312918.058",TRUE,TRUE
"24-PEP-02-P02H05S000040","24-PEP-02-P02_H05","CIP318116.025","CIP512010.1","CIP312918.058","CIP512010.1_x_CIP312918.058",TRUE,TRUE
"24-PEP-02-P02H06S000048","24-PEP-02-P02_H06","CIP318116.026","CIP512010.1","CIP312918.058","CIP512010.1_x_CIP312918.058",TRUE,TRUE
"24-PEP-02-P02H07S000056","24-PEP-02-P02_H07","CIP318116.034","CIP512010.1","CIP312918.058","CIP512010.1_x_CIP312918.058",TRUE,TRUE
"24-PEP-02-P02H08S000064","24-PEP-02-P02_H08","CIP318116.039","CIP512010.1","CIP312918.058","CIP512010.1_x_CIP312918.058",TRUE,TRUE
"24-PEP-02-P02H09S000072","24-PEP-02-P02_H09","CIP318116.043","CIP512010.1","CIP312918.058","CIP512010.1_x_CIP312918.058",TRUE,TRUE
"24-PEP-02-P02H10S000080","24-PEP-02-P02_H10","CIP318116.045","CIP512010.1","CIP312918.058","CIP512010.1_x_CIP312918.058",TRUE,TRUE
"24-PEP-02-P02H11S000088","24-PEP-02-P02_H11","CIP318116.046","CIP512010.1","CIP312918.058","CIP512010.1_x_CIP312918.058",TRUE,TRUE
"24-PEP-02-P03A01S000001","24-PEP-02-P03_A01","CIP318116.047","CIP512010.1","CIP312918.058","CIP512010.1_x_CIP312918.058",TRUE,TRUE
"24-PEP-02-P03A02S000009","24-PEP-02-P03_A02","CIP318116.048","CIP512010.1","CIP312918.058","CIP512010.1_x_CIP312918.058",TRUE,TRUE
"24-PEP-02-P03A03S000017","24-PEP-02-P03_A03","CIP318116.049","CIP512010.1","CIP312918.058","CIP512010.1_x_CIP312918.058",TRUE,TRUE
"24-PEP-02-P03A04S000025","24-PEP-02-P03_A04","CIP318116.052","CIP512010.1","CIP312918.058","CIP512010.1_x_CIP312918.058",TRUE,TRUE
"24-PEP-02-P03A05S000033","24-PEP-02-P03_A05","CIP318116.058","CIP512010.1","CIP312918.058","CIP512010.1_x_CIP312918.058",TRUE,TRUE
"24-PEP-02-P03A06S000041","24-PEP-02-P03_A06","CIP318116.059","CIP512010.1","CIP312918.058","CIP512010.1_x_CIP312918.058",TRUE,TRUE
"24-PEP-02-P03A07S000049","24-PEP-02-P03_A07","CIP318116.062","CIP512010.1","CIP312918.058","CIP512010.1_x_CIP312918.058",TRUE,TRUE
"24-PEP-02-P03A08S000057","24-PEP-02-P03_A08","CIP318116.074","CIP512010.1","CIP312918.058","CIP512010.1_x_CIP312918.058",TRUE,TRUE
"24-PEP-02-P03A09S000065","24-PEP-02-P03_A09","CIP318116.076","CIP512010.1","CIP312918.058","CIP512010.1_x_CIP312918.058",TRUE,TRUE
"24-PEP-02-P03A10S000073","24-PEP-02-P03_A10","CIP318116.092","CIP512010.1","CIP312918.058","CIP512010.1_x_CIP312918.058",TRUE,TRUE
"24-PEP-02-P03A11S000081","24-PEP-02-P03_A11","CIP318116.097","CIP512010.1","CIP312918.058","CIP512010.1_x_CIP312918.058",TRUE,TRUE
"24-PEP-02-P03A12S000089","24-PEP-02-P03_A12","CIP318116.101","CIP512010.1","CIP312918.058","CIP512010.1_x_CIP312918.058",TRUE,TRUE
"24-PEP-02-P03B01S000002","24-PEP-02-P03_B01","CIP318116.106","CIP512010.1","CIP312918.058","CIP512010.1_x_CIP312918.058",TRUE,TRUE
"24-PEP-02-P03B02S000010","24-PEP-02-P03_B02","CIP318116.110","CIP512010.1","CIP312918.058","CIP512010.1_x_CIP312918.058",TRUE,TRUE
"24-PEP-02-P03B03S000018","24-PEP-02-P03_B03","CIP318116.114","CIP512010.1","CIP312918.058","CIP512010.1_x_CIP312918.058",TRUE,TRUE
"24-PEP-02-P03B04S000026","24-PEP-02-P03_B04","CIP318117.003","CIP512010.20","CIP398208.33","CIP512010.20_x_CIP398208.33",TRUE,TRUE
"24-PEP-02-P03B05S000034","24-PEP-02-P03_B05","CIP318117.009","CIP512010.20","CIP398208.33","CIP512010.20_x_CIP398208.33",TRUE,TRUE
"24-PEP-02-P03B06S000042","24-PEP-02-P03_B06","CIP318117.010","CIP512010.20","CIP398208.33","CIP512010.20_x_CIP398208.33",TRUE,TRUE
"24-PEP-02-P03B07S000050","24-PEP-02-P03_B07","CIP318117.015","CIP512010.20","CIP398208.33","CIP512010.20_x_CIP398208.33",TRUE,TRUE
"24-PEP-02-P03B08S000058","24-PEP-02-P03_B08","CIP318117.016","CIP512010.20","CIP398208.33","CIP512010.20_x_CIP398208.33",TRUE,TRUE
"24-PEP-02-P03B09S000066","24-PEP-02-P03_B09","CIP318117.020","CIP512010.20","CIP398208.33","CIP512010.20_x_CIP398208.33",TRUE,TRUE
"24-PEP-02-P03B10S000074","24-PEP-02-P03_B10","CIP318117.035","CIP512010.20","CIP398208.33","CIP512010.20_x_CIP398208.33",TRUE,TRUE
"24-PEP-02-P03B11S000082","24-PEP-02-P03_B11","CIP318117.048","CIP512010.20","CIP398208.33","CIP512010.20_x_CIP398208.33",TRUE,TRUE
"24-PEP-02-P03B12S000090","24-PEP-02-P03_B12","CIP318117.052","CIP512010.20","CIP398208.33","CIP512010.20_x_CIP398208.33",TRUE,TRUE
"24-PEP-02-P03C01S000003","24-PEP-02-P03_C01","CIP318117.063","CIP512010.20","CIP398208.33","CIP512010.20_x_CIP398208.33",TRUE,TRUE
"24-PEP-02-P03C02S000011","24-PEP-02-P03_C02","CIP318117.070","CIP512010.20","CIP398208.33","CIP512010.20_x_CIP398208.33",TRUE,TRUE
"24-PEP-02-P03C03S000019","24-PEP-02-P03_C03","CIP318117.074","CIP512010.20","CIP398208.33","CIP512010.20_x_CIP398208.33",TRUE,TRUE
"24-PEP-02-P03C04S000027","24-PEP-02-P03_C04","CIP318117.075","CIP512010.20","CIP398208.33","CIP512010.20_x_CIP398208.33",TRUE,TRUE
"24-PEP-02-P03C05S000035","24-PEP-02-P03_C05","CIP318117.080","CIP512010.20","CIP398208.33","CIP512010.20_x_CIP398208.33",TRUE,TRUE
"24-PEP-02-P03C06S000043","24-PEP-02-P03_C06","CIP318117.086","CIP512010.20","CIP398208.33","CIP512010.20_x_CIP398208.33",TRUE,TRUE
"24-PEP-02-P03C07S000051","24-PEP-02-P03_C07","CIP318117.087","CIP512010.20","CIP398208.33","CIP512010.20_x_CIP398208.33",TRUE,TRUE
"24-PEP-02-P03C08S000059","24-PEP-02-P03_C08","CIP318117.090","CIP512010.20","CIP398208.33","CIP512010.20_x_CIP398208.33",TRUE,TRUE
"24-PEP-02-P03C09S000067","24-PEP-02-P03_C09","CIP318117.094","CIP512010.20","CIP398208.33","CIP512010.20_x_CIP398208.33",TRUE,TRUE
"24-PEP-02-P03C10S000075","24-PEP-02-P03_C10","CIP318117.102","CIP512010.20","CIP398208.33","CIP512010.20_x_CIP398208.33",TRUE,TRUE
"24-PEP-02-P03C11S000083","24-PEP-02-P03_C11","CIP318117.109","CIP512010.20","CIP398208.33","CIP512010.20_x_CIP398208.33",TRUE,TRUE
"24-PEP-02-P03C12S000091","24-PEP-02-P03_C12","CIP318117.110","CIP512010.20","CIP398208.33","CIP512010.20_x_CIP398208.33",TRUE,TRUE
"24-PEP-02-P03D01S000004","24-PEP-02-P03_D01","CIP318117.111","CIP512010.20","CIP398208.33","CIP512010.20_x_CIP398208.33",TRUE,TRUE
"24-PEP-02-P03D02S000012","24-PEP-02-P03_D02","CIP318117.112","CIP512010.20","CIP398208.33","CIP512010.20_x_CIP398208.33",TRUE,TRUE
"24-PEP-02-P03D03S000020","24-PEP-02-P03_D03","CIP318117.118","CIP512010.20","CIP398208.33","CIP512010.20_x_CIP398208.33",TRUE,TRUE
"24-PEP-02-P03D04S000028","24-PEP-02-P03_D04","CIP318118.012","CIP512010.20","CIP398208.620","CIP512010.20_x_CIP398208.620",TRUE,TRUE
"24-PEP-02-P03D05S000036","24-PEP-02-P03_D05","CIP318118.013","CIP512010.20","CIP398208.620","CIP512010.20_x_CIP398208.620",TRUE,TRUE
"24-PEP-02-P03D06S000044","24-PEP-02-P03_D06","CIP318118.021","CIP512010.20","CIP398208.620","CIP512010.20_x_CIP398208.620",TRUE,TRUE
"24-PEP-02-P03D07S000052","24-PEP-02-P03_D07","CIP318118.022","CIP512010.20","CIP398208.620","CIP512010.20_x_CIP398208.620",TRUE,TRUE
"24-PEP-02-P03D08S000060","24-PEP-02-P03_D08","CIP318118.027","CIP512010.20","CIP398208.620","CIP512010.20_x_CIP398208.620",TRUE,TRUE
"24-PEP-02-P03D09S000068","24-PEP-02-P03_D09","CIP318118.033","CIP512010.20","CIP398208.620","CIP512010.20_x_CIP398208.620",TRUE,TRUE
"24-PEP-02-P03D10S000076","24-PEP-02-P03_D10","CIP318118.034","CIP512010.20","CIP398208.620","CIP512010.20_x_CIP398208.620",TRUE,TRUE
"24-PEP-02-P03D11S000084","24-PEP-02-P03_D11","CIP318118.035","CIP512010.20","CIP398208.620","CIP512010.20_x_CIP398208.620",TRUE,TRUE
"24-PEP-02-P03D12S000092","24-PEP-02-P03_D12","CIP318118.036","CIP512010.20","CIP398208.620","CIP512010.20_x_CIP398208.620",TRUE,TRUE
"24-PEP-02-P03E01S000005","24-PEP-02-P03_E01","CIP318118.038","CIP512010.20","CIP398208.620","CIP512010.20_x_CIP398208.620",TRUE,TRUE
"24-PEP-02-P03E02S000013","24-PEP-02-P03_E02","CIP318118.039","CIP512010.20","CIP398208.620","CIP512010.20_x_CIP398208.620",TRUE,TRUE
"24-PEP-02-P03E03S000021","24-PEP-02-P03_E03","CIP318118.041","CIP512010.20","CIP398208.620","CIP512010.20_x_CIP398208.620",TRUE,TRUE
"24-PEP-02-P03E04S000029","24-PEP-02-P03_E04","CIP318118.042","CIP512010.20","CIP398208.620","CIP512010.20_x_CIP398208.620",TRUE,TRUE
"24-PEP-02-P03E05S000037","24-PEP-02-P03_E05","CIP318118.043","CIP512010.20","CIP398208.620","CIP512010.20_x_CIP398208.620",TRUE,TRUE
"24-PEP-02-P03E06S000045","24-PEP-02-P03_E06","CIP318118.044","CIP512010.20","CIP398208.620","CIP512010.20_x_CIP398208.620",TRUE,TRUE
"24-PEP-02-P03E07S000053","24-PEP-02-P03_E07","CIP318118.049","CIP512010.20","CIP398208.620","CIP512010.20_x_CIP398208.620",TRUE,TRUE
"24-PEP-02-P03E08S000061","24-PEP-02-P03_E08","CIP318118.050","CIP512010.20","CIP398208.620","CIP512010.20_x_CIP398208.620",TRUE,TRUE
"24-PEP-02-P03E09S000069","24-PEP-02-P03_E09","CIP318118.052","CIP512010.20","CIP398208.620","CIP512010.20_x_CIP398208.620",TRUE,TRUE
"24-PEP-02-P03E10S000077","24-PEP-02-P03_E10","CIP318118.056","CIP512010.20","CIP398208.620","CIP512010.20_x_CIP398208.620",TRUE,TRUE
"24-PEP-02-P03E11S000085","24-PEP-02-P03_E11","CIP318118.060","CIP512010.20","CIP398208.620","CIP512010.20_x_CIP398208.620",TRUE,TRUE
"24-PEP-02-P03E12S000093","24-PEP-02-P03_E12","CIP318118.062","CIP512010.20","CIP398208.620","CIP512010.20_x_CIP398208.620",TRUE,TRUE
"24-PEP-02-P03F01S000006","24-PEP-02-P03_F01","CIP318118.063","CIP512010.20","CIP398208.620","CIP512010.20_x_CIP398208.620",TRUE,TRUE
"24-PEP-02-P03F02S000014","24-PEP-02-P03_F02","CIP318118.064","CIP512010.20","CIP398208.620","CIP512010.20_x_CIP398208.620",TRUE,TRUE
"24-PEP-02-P03F03S000022","24-PEP-02-P03_F03","CIP318118.069","CIP512010.20","CIP398208.620","CIP512010.20_x_CIP398208.620",TRUE,TRUE
"24-PEP-02-P03F04S000030","24-PEP-02-P03_F04","CIP318118.070","CIP512010.20","CIP398208.620","CIP512010.20_x_CIP398208.620",TRUE,TRUE
"24-PEP-02-P03F05S000038","24-PEP-02-P03_F05","CIP318118.071","CIP512010.20","CIP398208.620","CIP512010.20_x_CIP398208.620",TRUE,TRUE
"24-PEP-02-P03F06S000046","24-PEP-02-P03_F06","CIP318118.073","CIP512010.20","CIP398208.620","CIP512010.20_x_CIP398208.620",TRUE,TRUE
"24-PEP-02-P03F07S000054","24-PEP-02-P03_F07","CIP318118.076","CIP512010.20","CIP398208.620","CIP512010.20_x_CIP398208.620",TRUE,TRUE
"24-PEP-02-P03F08S000062","24-PEP-02-P03_F08","CIP318118.080","CIP512010.20","CIP398208.620","CIP512010.20_x_CIP398208.620",TRUE,TRUE
"24-PEP-02-P03F09S000070","24-PEP-02-P03_F09","CIP318118.085","CIP512010.20","CIP398208.620","CIP512010.20_x_CIP398208.620",TRUE,TRUE
"24-PEP-02-P03F10S000078","24-PEP-02-P03_F10","CIP318118.086","CIP512010.20","CIP398208.620","CIP512010.20_x_CIP398208.620",TRUE,TRUE
"24-PEP-02-P03F11S000086","24-PEP-02-P03_F11","CIP318118.088","CIP512010.20","CIP398208.620","CIP512010.20_x_CIP398208.620",TRUE,TRUE
"24-PEP-02-P03F12S000094","24-PEP-02-P03_F12","CIP318118.090","CIP512010.20","CIP398208.620","CIP512010.20_x_CIP398208.620",TRUE,TRUE
"24-PEP-02-P03G01S000007","24-PEP-02-P03_G01","CIP318118.091","CIP512010.20","CIP398208.620","CIP512010.20_x_CIP398208.620",TRUE,TRUE
"24-PEP-02-P03G02S000015","24-PEP-02-P03_G02","CIP318118.092","CIP512010.20","CIP398208.620","CIP512010.20_x_CIP398208.620",TRUE,TRUE
"24-PEP-02-P03G03S000023","24-PEP-02-P03_G03","CIP318118.093","CIP512010.20","CIP398208.620","CIP512010.20_x_CIP398208.620",TRUE,TRUE
"24-PEP-02-P03G04S000031","24-PEP-02-P03_G04","CIP318118.094","CIP512010.20","CIP398208.620","CIP512010.20_x_CIP398208.620",TRUE,TRUE
"24-PEP-02-P03G05S000039","24-PEP-02-P03_G05","CIP318118.103","CIP512010.20","CIP398208.620","CIP512010.20_x_CIP398208.620",TRUE,TRUE
"24-PEP-02-P03G06S000047","24-PEP-02-P03_G06","CIP318118.112","CIP512010.20","CIP398208.620","CIP512010.20_x_CIP398208.620",TRUE,TRUE
"24-PEP-02-P03G07S000055","24-PEP-02-P03_G07","CIP318118.113","CIP512010.20","CIP398208.620","CIP512010.20_x_CIP398208.620",TRUE,TRUE
"24-PEP-02-P03G08S000063","24-PEP-02-P03_G08","CIP318119.005","CIP512010.20","CIP398208.219","CIP512010.20_x_CIP398208.219",TRUE,TRUE
"24-PEP-02-P03G09S000071","24-PEP-02-P03_G09","CIP318119.006","CIP512010.20","CIP398208.219","CIP512010.20_x_CIP398208.219",TRUE,TRUE
"24-PEP-02-P03G10S000079","24-PEP-02-P03_G10","CIP318119.008","CIP512010.20","CIP398208.219","CIP512010.20_x_CIP398208.219",TRUE,TRUE
"24-PEP-02-P03G11S000087","24-PEP-02-P03_G11","CIP318119.019","CIP512010.20","CIP398208.219","CIP512010.20_x_CIP398208.219",TRUE,TRUE
"24-PEP-02-P03H01S000008","24-PEP-02-P03_H01","CIP318119.022","CIP512010.20","CIP398208.219","CIP512010.20_x_CIP398208.219",TRUE,TRUE
"24-PEP-02-P03H02S000016","24-PEP-02-P03_H02","CIP318119.027","CIP512010.20","CIP398208.219","CIP512010.20_x_CIP398208.219",TRUE,TRUE
"24-PEP-02-P03H03S000024","24-PEP-02-P03_H03","CIP318119.028","CIP512010.20","CIP398208.219","CIP512010.20_x_CIP398208.219",TRUE,TRUE
"24-PEP-02-P03H04S000032","24-PEP-02-P03_H04","CIP318119.029","CIP512010.20","CIP398208.219","CIP512010.20_x_CIP398208.219",TRUE,TRUE
"24-PEP-02-P03H05S000040","24-PEP-02-P03_H05","CIP318119.032","CIP512010.20","CIP398208.219","CIP512010.20_x_CIP398208.219",TRUE,TRUE
"24-PEP-02-P03H06S000048","24-PEP-02-P03_H06","CIP318119.037","CIP512010.20","CIP398208.219","CIP512010.20_x_CIP398208.219",TRUE,TRUE
"24-PEP-02-P03H07S000056","24-PEP-02-P03_H07","CIP318119.039","CIP512010.20","CIP398208.219","CIP512010.20_x_CIP398208.219",TRUE,TRUE
"24-PEP-02-P03H08S000064","24-PEP-02-P03_H08","CIP318119.041","CIP512010.20","CIP398208.219","CIP512010.20_x_CIP398208.219",TRUE,TRUE
"24-PEP-02-P03H09S000072","24-PEP-02-P03_H09","CIP318119.043","CIP512010.20","CIP398208.219","CIP512010.20_x_CIP398208.219",TRUE,TRUE
"24-PEP-02-P03H10S000080","24-PEP-02-P03_H10","CIP318119.046","CIP512010.20","CIP398208.219","CIP512010.20_x_CIP398208.219",TRUE,TRUE
"24-PEP-02-P03H11S000088","24-PEP-02-P03_H11","CIP318119.049","CIP512010.20","CIP398208.219","CIP512010.20_x_CIP398208.219",TRUE,TRUE
"24-PEP-02-P04A01S000001","24-PEP-02-P04_A01","CIP318119.050","CIP512010.20","CIP398208.219","CIP512010.20_x_CIP398208.219",TRUE,TRUE
"24-PEP-02-P04A02S000009","24-PEP-02-P04_A02","CIP318119.052","CIP512010.20","CIP398208.219","CIP512010.20_x_CIP398208.219",TRUE,TRUE
"24-PEP-02-P04A03S000017","24-PEP-02-P04_A03","CIP318119.053","CIP512010.20","CIP398208.219","CIP512010.20_x_CIP398208.219",TRUE,TRUE
"24-PEP-02-P04A04S000025","24-PEP-02-P04_A04","CIP318119.058","CIP512010.20","CIP398208.219","CIP512010.20_x_CIP398208.219",TRUE,TRUE
"24-PEP-02-P04A05S000033","24-PEP-02-P04_A05","CIP318119.059","CIP512010.20","CIP398208.219","CIP512010.20_x_CIP398208.219",TRUE,TRUE
"24-PEP-02-P04A06S000041","24-PEP-02-P04_A06","CIP318119.061","CIP512010.20","CIP398208.219","CIP512010.20_x_CIP398208.219",TRUE,TRUE
"24-PEP-02-P04A07S000049","24-PEP-02-P04_A07","CIP318119.066","CIP512010.20","CIP398208.219","CIP512010.20_x_CIP398208.219",TRUE,TRUE
"24-PEP-02-P04A08S000057","24-PEP-02-P04_A08","CIP318119.072","CIP512010.20","CIP398208.219","CIP512010.20_x_CIP398208.219",TRUE,TRUE
"24-PEP-02-P04A09S000065","24-PEP-02-P04_A09","CIP318119.073","CIP512010.20","CIP398208.219","CIP512010.20_x_CIP398208.219",TRUE,TRUE
"24-PEP-02-P04A10S000073","24-PEP-02-P04_A10","CIP318119.074","CIP512010.20","CIP398208.219","CIP512010.20_x_CIP398208.219",TRUE,TRUE
"24-PEP-02-P04A11S000081","24-PEP-02-P04_A11","CIP318119.078","CIP512010.20","CIP398208.219","CIP512010.20_x_CIP398208.219",TRUE,TRUE
"24-PEP-02-P04A12S000089","24-PEP-02-P04_A12","CIP318119.081","CIP512010.20","CIP398208.219","CIP512010.20_x_CIP398208.219",TRUE,TRUE
"24-PEP-02-P04B01S000002","24-PEP-02-P04_B01","CIP318119.084","CIP512010.20","CIP398208.219","CIP512010.20_x_CIP398208.219",TRUE,TRUE
"24-PEP-02-P04B02S000010","24-PEP-02-P04_B02","CIP318119.085","CIP512010.20","CIP398208.219","CIP512010.20_x_CIP398208.219",TRUE,TRUE
"24-PEP-02-P04B03S000018","24-PEP-02-P04_B03","CIP318119.087","CIP512010.20","CIP398208.219","CIP512010.20_x_CIP398208.219",TRUE,TRUE
"24-PEP-02-P04B04S000026","24-PEP-02-P04_B04","CIP318119.094","CIP512010.20","CIP398208.219","CIP512010.20_x_CIP398208.219",TRUE,TRUE
"24-PEP-02-P04B05S000034","24-PEP-02-P04_B05","CIP318119.096","CIP512010.20","CIP398208.219","CIP512010.20_x_CIP398208.219",TRUE,TRUE
"24-PEP-02-P04B06S000042","24-PEP-02-P04_B06","CIP318119.097","CIP512010.20","CIP398208.219","CIP512010.20_x_CIP398208.219",TRUE,TRUE
"24-PEP-02-P04B07S000050","24-PEP-02-P04_B07","CIP318119.098","CIP512010.20","CIP398208.219","CIP512010.20_x_CIP398208.219",TRUE,TRUE
"24-PEP-02-P04B08S000058","24-PEP-02-P04_B08","CIP318119.109","CIP512010.20","CIP398208.219","CIP512010.20_x_CIP398208.219",TRUE,TRUE
"24-PEP-02-P04B09S000066","24-PEP-02-P04_B09","CIP318119.110","CIP512010.20","CIP398208.219","CIP512010.20_x_CIP398208.219",TRUE,TRUE
"24-PEP-02-P04B10S000074","24-PEP-02-P04_B10","CIP318119.116","CIP512010.20","CIP398208.219","CIP512010.20_x_CIP398208.219",TRUE,TRUE
"24-PEP-02-P04B11S000082","24-PEP-02-P04_B11","CIP318119.117","CIP512010.20","CIP398208.219","CIP512010.20_x_CIP398208.219",TRUE,TRUE
"24-PEP-02-P04B12S000090","24-PEP-02-P04_B12","CIP318119.118","CIP512010.20","CIP398208.219","CIP512010.20_x_CIP398208.219",TRUE,TRUE
"24-PEP-02-P04C01S000003","24-PEP-02-P04_C01","CIP318119.119","CIP512010.20","CIP398208.219","CIP512010.20_x_CIP398208.219",TRUE,TRUE
"24-PEP-02-P04C02S000011","24-PEP-02-P04_C02","CIP318120.002","CIP512010.20","CIP398098.203","CIP512010.20_x_CIP398098.203",TRUE,TRUE
"24-PEP-02-P04C03S000019","24-PEP-02-P04_C03","CIP318120.003","CIP512010.20","CIP398098.203","CIP512010.20_x_CIP398098.203",TRUE,TRUE
"24-PEP-02-P04C04S000027","24-PEP-02-P04_C04","CIP318120.010","CIP512010.20","CIP398098.203","CIP512010.20_x_CIP398098.203",TRUE,TRUE
"24-PEP-02-P04C05S000035","24-PEP-02-P04_C05","CIP318120.020","CIP512010.20","CIP398098.203","CIP512010.20_x_CIP398098.203",TRUE,TRUE
"24-PEP-02-P04C06S000043","24-PEP-02-P04_C06","CIP318120.022","CIP512010.20","CIP398098.203","CIP512010.20_x_CIP398098.203",TRUE,TRUE
"24-PEP-02-P04C07S000051","24-PEP-02-P04_C07","CIP318120.023","CIP512010.20","CIP398098.203","CIP512010.20_x_CIP398098.203",TRUE,TRUE
"24-PEP-02-P04C08S000059","24-PEP-02-P04_C08","CIP318120.029","CIP512010.20","CIP398098.203","CIP512010.20_x_CIP398098.203",TRUE,TRUE
"24-PEP-02-P04C09S000067","24-PEP-02-P04_C09","CIP318120.032","CIP512010.20","CIP398098.203","CIP512010.20_x_CIP398098.203",TRUE,TRUE
"24-PEP-02-P04C10S000075","24-PEP-02-P04_C10","CIP318120.040","CIP512010.20","CIP398098.203","CIP512010.20_x_CIP398098.203",TRUE,TRUE
"24-PEP-02-P04C11S000083","24-PEP-02-P04_C11","CIP318120.041","CIP512010.20","CIP398098.203","CIP512010.20_x_CIP398098.203",TRUE,TRUE
"24-PEP-02-P04C12S000091","24-PEP-02-P04_C12","CIP318120.046","CIP512010.20","CIP398098.203","CIP512010.20_x_CIP398098.203",TRUE,TRUE
"24-PEP-02-P04D01S000004","24-PEP-02-P04_D01","CIP318120.053","CIP512010.20","CIP398098.203","CIP512010.20_x_CIP398098.203",TRUE,TRUE
"24-PEP-02-P04D02S000012","24-PEP-02-P04_D02","CIP318120.066","CIP512010.20","CIP398098.203","CIP512010.20_x_CIP398098.203",TRUE,TRUE
"24-PEP-02-P04D03S000020","24-PEP-02-P04_D03","CIP318120.069","CIP512010.20","CIP398098.203","CIP512010.20_x_CIP398098.203",TRUE,TRUE
"24-PEP-02-P04D04S000028","24-PEP-02-P04_D04","CIP318120.083","CIP512010.20","CIP398098.203","CIP512010.20_x_CIP398098.203",TRUE,TRUE
"24-PEP-02-P04D05S000036","24-PEP-02-P04_D05","CIP318120.085","CIP512010.20","CIP398098.203","CIP512010.20_x_CIP398098.203",TRUE,TRUE
"24-PEP-02-P04D06S000044","24-PEP-02-P04_D06","CIP318120.086","CIP512010.20","CIP398098.203","CIP512010.20_x_CIP398098.203",TRUE,TRUE
"24-PEP-02-P04D07S000052","24-PEP-02-P04_D07","CIP318120.091","CIP512010.20","CIP398098.203","CIP512010.20_x_CIP398098.203",TRUE,TRUE
"24-PEP-02-P04D08S000060","24-PEP-02-P04_D08","CIP318120.094","CIP512010.20","CIP398098.203","CIP512010.20_x_CIP398098.203",TRUE,TRUE
"24-PEP-02-P04D09S000068","24-PEP-02-P04_D09","CIP318120.100","CIP512010.20","CIP398098.203","CIP512010.20_x_CIP398098.203",TRUE,TRUE
"24-PEP-02-P04D10S000076","24-PEP-02-P04_D10","CIP318121.001","CIP512010.20","CIP398098.204","CIP512010.20_x_CIP398098.204",TRUE,TRUE
"24-PEP-02-P04D11S000084","24-PEP-02-P04_D11","CIP318121.005","CIP512010.20","CIP302533.49","CIP512010.20_x_CIP302533.49",TRUE,TRUE
"24-PEP-02-P04D12S000092","24-PEP-02-P04_D12","CIP318121.012","CIP512010.20","CIP398098.204","CIP512010.20_x_CIP398098.204",TRUE,TRUE
"24-PEP-02-P04E01S000005","24-PEP-02-P04_E01","CIP318121.013","CIP512010.20","CIP302533.49","CIP512010.20_x_CIP302533.49",TRUE,TRUE
"24-PEP-02-P04E02S000013","24-PEP-02-P04_E02","CIP318121.015","CIP512010.20","CIP302533.49","CIP512010.20_x_CIP302533.49",TRUE,TRUE
"24-PEP-02-P04E03S000021","24-PEP-02-P04_E03","CIP318121.017","CIP512010.20","CIP302533.49","CIP512010.20_x_CIP302533.49",TRUE,TRUE
"24-PEP-02-P04E04S000029","24-PEP-02-P04_E04","CIP318121.019","CIP512010.20","CIP302533.49","CIP512010.20_x_CIP302533.49",TRUE,TRUE
"24-PEP-02-P04E05S000037","24-PEP-02-P04_E05","CIP318121.020","CIP512010.20","CIP302533.49","CIP512010.20_x_CIP302533.49",TRUE,TRUE
"24-PEP-02-P04E06S000045","24-PEP-02-P04_E06","CIP318121.021","CIP512010.20","CIP302533.49","CIP512010.20_x_CIP302533.49",TRUE,TRUE
"24-PEP-02-P04E07S000053","24-PEP-02-P04_E07","CIP318121.024","CIP512010.20","CIP398098.204","CIP512010.20_x_CIP398098.204",TRUE,TRUE
"24-PEP-02-P04E08S000061","24-PEP-02-P04_E08","CIP318121.031","CIP512010.20","CIP302533.49","CIP512010.20_x_CIP302533.49",TRUE,TRUE
"24-PEP-02-P04E09S000069","24-PEP-02-P04_E09","CIP318121.032","CIP512010.20","CIP398098.204","CIP512010.20_x_CIP398098.204",TRUE,TRUE
"24-PEP-02-P04E10S000077","24-PEP-02-P04_E10","CIP318121.035","CIP512010.20","CIP302533.49","CIP512010.20_x_CIP302533.49",TRUE,TRUE
"24-PEP-02-P04E11S000085","24-PEP-02-P04_E11","CIP318121.036","CIP512010.20","CIP302533.49","CIP512010.20_x_CIP302533.49",TRUE,TRUE
"24-PEP-02-P04E12S000093","24-PEP-02-P04_E12","CIP318121.037","CIP512010.20","CIP302533.49","CIP512010.20_x_CIP302533.49",TRUE,TRUE
"24-PEP-02-P04F01S000006","24-PEP-02-P04_F01","CIP318121.039","CIP512010.20","CIP398098.204","CIP512010.20_x_CIP398098.204",TRUE,TRUE
"24-PEP-02-P04F02S000014","24-PEP-02-P04_F02","CIP318121.042","CIP512010.20","CIP398098.204","CIP512010.20_x_CIP398098.204",TRUE,TRUE
"24-PEP-02-P04F03S000022","24-PEP-02-P04_F03","CIP318121.043","CIP512010.20","CIP302533.49","CIP512010.20_x_CIP302533.49",TRUE,TRUE
"24-PEP-02-P04F04S000030","24-PEP-02-P04_F04","CIP318121.045","CIP512010.20","CIP302533.49","CIP512010.20_x_CIP302533.49",TRUE,TRUE
"24-PEP-02-P04F05S000038","24-PEP-02-P04_F05","CIP318121.046","CIP512010.20","CIP398098.204","CIP512010.20_x_CIP398098.204",TRUE,TRUE
"24-PEP-02-P04F06S000046","24-PEP-02-P04_F06","CIP318121.049","CIP512010.20","CIP398098.204","CIP512010.20_x_CIP398098.204",TRUE,TRUE
"24-PEP-02-P04F07S000054","24-PEP-02-P04_F07","CIP318121.051","CIP512010.20","CIP302533.49","CIP512010.20_x_CIP302533.49",TRUE,TRUE
"24-PEP-02-P04F08S000062","24-PEP-02-P04_F08","CIP318121.052","CIP512010.20","CIP398098.204","CIP512010.20_x_CIP398098.204",TRUE,TRUE
"24-PEP-02-P04F09S000070","24-PEP-02-P04_F09","CIP318121.056","CIP512010.20","CIP398098.204","CIP512010.20_x_CIP398098.204",TRUE,TRUE
"24-PEP-02-P04F10S000078","24-PEP-02-P04_F10","CIP318121.057","CIP512010.20","CIP398098.204","CIP512010.20_x_CIP398098.204",TRUE,TRUE
"24-PEP-02-P04F11S000086","24-PEP-02-P04_F11","CIP318121.058","CIP512010.20","CIP398098.204","CIP512010.20_x_CIP398098.204",TRUE,TRUE
"24-PEP-02-P04F12S000094","24-PEP-02-P04_F12","CIP318121.065","CIP512010.20","CIP302533.49","CIP512010.20_x_CIP302533.49",TRUE,TRUE
"24-PEP-02-P04G01S000007","24-PEP-02-P04_G01","CIP318121.066","CIP512010.20","CIP398098.204","CIP512010.20_x_CIP398098.204",TRUE,TRUE
"24-PEP-02-P04G02S000015","24-PEP-02-P04_G02","CIP318121.068","CIP512010.20","CIP398098.204","CIP512010.20_x_CIP398098.204",TRUE,TRUE
"24-PEP-02-P04G03S000023","24-PEP-02-P04_G03","CIP318121.072","CIP512010.20","CIP398098.204","CIP512010.20_x_CIP398098.204",TRUE,TRUE
"24-PEP-02-P04G04S000031","24-PEP-02-P04_G04","CIP318121.073","CIP512010.20","CIP302533.49","CIP512010.20_x_CIP302533.49",TRUE,TRUE
"24-PEP-02-P04G05S000039","24-PEP-02-P04_G05","CIP318121.076","CIP512010.20","CIP302533.49","CIP512010.20_x_CIP302533.49",TRUE,TRUE
"24-PEP-02-P04G06S000047","24-PEP-02-P04_G06","CIP318121.077","CIP512010.20","CIP302533.49","CIP512010.20_x_CIP302533.49",TRUE,TRUE
"24-PEP-02-P04G07S000055","24-PEP-02-P04_G07","CIP318121.078","CIP512010.20","CIP302533.49","CIP512010.20_x_CIP302533.49",TRUE,TRUE
"24-PEP-02-P04G08S000063","24-PEP-02-P04_G08","CIP318121.079","CIP512010.20","CIP302533.49","CIP512010.20_x_CIP302533.49",TRUE,TRUE
"24-PEP-02-P04G09S000071","24-PEP-02-P04_G09","CIP318121.080","CIP512010.20","CIP398098.204","CIP512010.20_x_CIP398098.204",TRUE,TRUE
"24-PEP-02-P04G10S000079","24-PEP-02-P04_G10","CIP318121.081","CIP512010.20","CIP398098.204","CIP512010.20_x_CIP398098.204",TRUE,TRUE
"24-PEP-02-P04G11S000087","24-PEP-02-P04_G11","CIP318121.083","CIP512010.20","CIP302533.49","CIP512010.20_x_CIP302533.49",TRUE,TRUE
"24-PEP-02-P04H01S000008","24-PEP-02-P04_H01","CIP318121.084","CIP512010.20","CIP302533.49","CIP512010.20_x_CIP302533.49",TRUE,TRUE
"24-PEP-02-P04H02S000016","24-PEP-02-P04_H02","CIP318121.085","CIP512010.20","CIP302533.49","CIP512010.20_x_CIP302533.49",TRUE,TRUE
"24-PEP-02-P04H03S000024","24-PEP-02-P04_H03","CIP318121.088","CIP512010.20","CIP302533.49","CIP512010.20_x_CIP302533.49",TRUE,TRUE
"24-PEP-02-P04H04S000032","24-PEP-02-P04_H04","CIP318121.089","CIP512010.20","CIP302533.49","CIP512010.20_x_CIP302533.49",TRUE,TRUE
"24-PEP-02-P04H05S000040","24-PEP-02-P04_H05","CIP318121.090","CIP512010.20","CIP398098.204","CIP512010.20_x_CIP398098.204",TRUE,TRUE
"24-PEP-02-P04H06S000048","24-PEP-02-P04_H06","CIP318121.093","CIP512010.20","CIP302533.49","CIP512010.20_x_CIP302533.49",TRUE,TRUE
"24-PEP-02-P04H07S000056","24-PEP-02-P04_H07","CIP318121.094","CIP512010.20","CIP302533.49","CIP512010.20_x_CIP302533.49",TRUE,TRUE
"24-PEP-02-P04H08S000064","24-PEP-02-P04_H08","CIP318121.096","CIP512010.20","CIP398098.204","CIP512010.20_x_CIP398098.204",TRUE,TRUE
"24-PEP-02-P04H09S000072","24-PEP-02-P04_H09","CIP318121.097","CIP512010.20","CIP302533.49","CIP512010.20_x_CIP302533.49",TRUE,TRUE
"24-PEP-02-P04H10S000080","24-PEP-02-P04_H10","CIP318121.098","CIP512010.20","CIP302533.49","CIP512010.20_x_CIP302533.49",TRUE,TRUE
"24-PEP-02-P04H11S000088","24-PEP-02-P04_H11","CIP318121.099","CIP512010.20","CIP302533.49","CIP512010.20_x_CIP302533.49",TRUE,TRUE
"24-PEP-02-P05A01S000001","24-PEP-02-P05_A01","CIP318121.102","CIP512010.20","CIP302533.49","CIP512010.20_x_CIP302533.49",TRUE,TRUE
"24-PEP-02-P05A02S000009","24-PEP-02-P05_A02","CIP318121.103","CIP512010.20","CIP302533.49","CIP512010.20_x_CIP302533.49",TRUE,TRUE
"24-PEP-02-P05A03S000017","24-PEP-02-P05_A03","CIP318121.104","CIP512010.20","CIP398098.204","CIP512010.20_x_CIP398098.204",TRUE,TRUE
"24-PEP-02-P05A04S000025","24-PEP-02-P05_A04","CIP318121.109","CIP512010.20","CIP302533.49","CIP512010.20_x_CIP302533.49",TRUE,TRUE
"24-PEP-02-P05A05S000033","24-PEP-02-P05_A05","CIP318121.110","CIP512010.20","CIP398098.204","CIP512010.20_x_CIP398098.204",TRUE,TRUE
"24-PEP-02-P05A06S000041","24-PEP-02-P05_A06","CIP318121.112","CIP512010.20","CIP302533.49","CIP512010.20_x_CIP302533.49",TRUE,TRUE
"24-PEP-02-P05A07S000049","24-PEP-02-P05_A07","CIP318121.113","CIP512010.20","CIP398098.204","CIP512010.20_x_CIP398098.204",TRUE,TRUE
"24-PEP-02-P05A08S000057","24-PEP-02-P05_A08","CIP318121.116","CIP512010.20","CIP302533.49","CIP512010.20_x_CIP302533.49",TRUE,TRUE
"24-PEP-02-P05A09S000065","24-PEP-02-P05_A09","CIP318121.117","CIP512010.20","CIP302533.49","CIP512010.20_x_CIP302533.49",TRUE,TRUE
"24-PEP-02-P05A10S000073","24-PEP-02-P05_A10","CIP318121.119","CIP512010.20","CIP302533.49","CIP512010.20_x_CIP302533.49",TRUE,TRUE
"24-PEP-02-P05A11S000081","24-PEP-02-P05_A11","CIP318122.012","CIP512010.20","CIP302533.49","CIP512010.20_x_CIP302533.49",TRUE,TRUE
"24-PEP-02-P05A12S000089","24-PEP-02-P05_A12","CIP318122.015","CIP512010.20","CIP302533.49","CIP512010.20_x_CIP302533.49",TRUE,TRUE
"24-PEP-02-P05B01S000002","24-PEP-02-P05_B01","CIP318122.017","CIP512010.20","CIP302533.49","CIP512010.20_x_CIP302533.49",TRUE,TRUE
"24-PEP-02-P05B02S000010","24-PEP-02-P05_B02","CIP318122.019","CIP512010.20","CIP302533.49","CIP512010.20_x_CIP302533.49",TRUE,TRUE
"24-PEP-02-P05B03S000018","24-PEP-02-P05_B03","CIP318122.026","CIP512010.20","CIP302533.49","CIP512010.20_x_CIP302533.49",TRUE,TRUE
"24-PEP-02-P05B04S000026","24-PEP-02-P05_B04","CIP318122.027","CIP512010.20","CIP302533.49","CIP512010.20_x_CIP302533.49",TRUE,TRUE
"24-PEP-02-P05B05S000034","24-PEP-02-P05_B05","CIP318122.030","CIP512010.20","CIP398098.204","CIP512010.20_x_CIP398098.204",TRUE,TRUE
"24-PEP-02-P05B06S000042","24-PEP-02-P05_B06","CIP318122.033","CIP512010.20","CIP302533.49","CIP512010.20_x_CIP302533.49",TRUE,TRUE
"24-PEP-02-P05B07S000050","24-PEP-02-P05_B07","CIP318122.039","CIP512010.20","CIP302533.49","CIP512010.20_x_CIP302533.49",TRUE,TRUE
"24-PEP-02-P05B08S000058","24-PEP-02-P05_B08","CIP318122.058","CIP512010.20","CIP398098.204","CIP512010.20_x_CIP398098.204",TRUE,TRUE
"24-PEP-02-P05B09S000066","24-PEP-02-P05_B09","CIP318122.059","CIP512010.20","CIP302533.49","CIP512010.20_x_CIP302533.49",TRUE,TRUE
"24-PEP-02-P05B10S000074","24-PEP-02-P05_B10","CIP318122.064","CIP512010.20","CIP398098.204","CIP512010.20_x_CIP398098.204",TRUE,TRUE
"24-PEP-02-P05B11S000082","24-PEP-02-P05_B11","CIP318122.069","CIP512010.20","CIP302533.49","CIP512010.20_x_CIP302533.49",TRUE,TRUE
"24-PEP-02-P05B12S000090","24-PEP-02-P05_B12","CIP318122.070","CIP512010.20","CIP302533.49","CIP512010.20_x_CIP302533.49",TRUE,TRUE
"24-PEP-02-P05C01S000003","24-PEP-02-P05_C01","CIP318122.079","CIP512010.20","CIP302533.49","CIP512010.20_x_CIP302533.49",TRUE,TRUE
"24-PEP-02-P05C02S000011","24-PEP-02-P05_C02","CIP318122.086","CIP512010.20","CIP302533.49","CIP512010.20_x_CIP302533.49",TRUE,TRUE
"24-PEP-02-P05C03S000019","24-PEP-02-P05_C03","CIP318122.088","CIP512010.20","CIP302533.49","CIP512010.20_x_CIP302533.49",TRUE,TRUE
"24-PEP-02-P05C04S000027","24-PEP-02-P05_C04","CIP318122.090","CIP512010.20","CIP302533.49","CIP512010.20_x_CIP302533.49",TRUE,TRUE
"24-PEP-02-P05C05S000035","24-PEP-02-P05_C05","CIP318122.091","CIP512010.20","CIP302533.49","CIP512010.20_x_CIP302533.49",TRUE,TRUE
"24-PEP-02-P05C06S000043","24-PEP-02-P05_C06","CIP318122.095","CIP512010.20","CIP302533.49","CIP512010.20_x_CIP302533.49",TRUE,TRUE
"24-PEP-02-P05C07S000051","24-PEP-02-P05_C07","CIP318122.097","CIP512010.20","CIP302533.49","CIP512010.20_x_CIP302533.49",TRUE,TRUE
"24-PEP-02-P05C08S000059","24-PEP-02-P05_C08","CIP318122.100","CIP512010.20","CIP302533.49","CIP512010.20_x_CIP302533.49",TRUE,TRUE
"24-PEP-02-P05C09S000067","24-PEP-02-P05_C09","CIP318122.104","CIP512010.20","CIP398098.204","CIP512010.20_x_CIP398098.204",TRUE,TRUE
"24-PEP-02-P05C10S000075","24-PEP-02-P05_C10","CIP318122.106","CIP512010.20","CIP302533.49","CIP512010.20_x_CIP302533.49",TRUE,TRUE
"24-PEP-02-P05C11S000083","24-PEP-02-P05_C11","CIP318122.113","CIP512010.20","CIP302533.49","CIP512010.20_x_CIP302533.49",TRUE,TRUE
"24-PEP-02-P05C12S000091","24-PEP-02-P05_C12","CIP318122.114","CIP512010.20","CIP302533.49","CIP512010.20_x_CIP302533.49",TRUE,TRUE
"24-PEP-02-P05D01S000004","24-PEP-02-P05_D01","CIP318122.115","CIP512010.20","CIP302533.49","CIP512010.20_x_CIP302533.49",TRUE,TRUE
"24-PEP-02-P05D02S000012","24-PEP-02-P05_D02","CIP318123.033","CIP512010.20","CIP308498.280","CIP512010.20_x_CIP308498.280",TRUE,TRUE
"24-PEP-02-P05D03S000020","24-PEP-02-P05_D03","CIP318123.050","CIP512010.20","CIP308498.280","CIP512010.20_x_CIP308498.280",TRUE,TRUE
"24-PEP-02-P05D04S000028","24-PEP-02-P05_D04","CIP318123.077","CIP512010.20","CIP308498.280","CIP512010.20_x_CIP308498.280",TRUE,TRUE
"24-PEP-02-P05D05S000036","24-PEP-02-P05_D05","CIP318123.078","CIP512010.20","CIP308498.280","CIP512010.20_x_CIP308498.280",TRUE,TRUE
"24-PEP-02-P05D06S000044","24-PEP-02-P05_D06","CIP318123.084","CIP512010.20","CIP308498.280","CIP512010.20_x_CIP308498.280",TRUE,TRUE
"24-PEP-02-P05D07S000052","24-PEP-02-P05_D07","CIP318123.102","CIP512010.20","CIP308498.280","CIP512010.20_x_CIP308498.280",TRUE,TRUE
"24-PEP-02-P05D08S000060","24-PEP-02-P05_D08","CIP318123.114","CIP512010.20","CIP308498.280","CIP512010.20_x_CIP308498.280",TRUE,TRUE
"24-PEP-02-P05D09S000068","24-PEP-02-P05_D09","CIP318124.015","CIP512010.20","CIP308503.58","CIP512010.20_x_CIP308503.58",TRUE,TRUE
"24-PEP-02-P05D10S000076","24-PEP-02-P05_D10","CIP318124.028","CIP512010.20","CIP308503.58","CIP512010.20_x_CIP308503.58",TRUE,TRUE
"24-PEP-02-P05D11S000084","24-PEP-02-P05_D11","CIP318124.057","CIP512010.20","CIP308503.58","CIP512010.20_x_CIP308503.58",TRUE,TRUE
"24-PEP-02-P05D12S000092","24-PEP-02-P05_D12","CIP318124.076","CIP512010.20","CIP308503.58","CIP512010.20_x_CIP308503.58",TRUE,TRUE
"24-PEP-02-P05E01S000005","24-PEP-02-P05_E01","CIP318124.079","CIP512010.20","CIP308503.58","CIP512010.20_x_CIP308503.58",TRUE,TRUE
"24-PEP-02-P05E02S000013","24-PEP-02-P05_E02","CIP318124.080","CIP512010.20","CIP308503.58","CIP512010.20_x_CIP308503.58",TRUE,TRUE
"24-PEP-02-P05E03S000021","24-PEP-02-P05_E03","CIP318124.084","CIP512010.20","CIP308503.58","CIP512010.20_x_CIP308503.58",TRUE,TRUE
"24-PEP-02-P05E04S000029","24-PEP-02-P05_E04","CIP318124.086","CIP512010.20","CIP308503.58","CIP512010.20_x_CIP308503.58",TRUE,TRUE
"24-PEP-02-P05E05S000037","24-PEP-02-P05_E05","CIP318124.105","CIP512010.20","CIP308503.58","CIP512010.20_x_CIP308503.58",TRUE,TRUE
"24-PEP-02-P05E06S000045","24-PEP-02-P05_E06","CIP318124.111","CIP512010.20","CIP308503.58","CIP512010.20_x_CIP308503.58",TRUE,TRUE
"24-PEP-02-P05E07S000053","24-PEP-02-P05_E07","CIP318124.120","CIP512010.20","CIP308503.58","CIP512010.20_x_CIP308503.58",TRUE,TRUE
"24-PEP-02-P05E08S000061","24-PEP-02-P05_E08","CIP318125.009","CIP512010.20","CIP308495.237","CIP512010.20_x_CIP308495.237",TRUE,TRUE
"24-PEP-02-P05E09S000069","24-PEP-02-P05_E09","CIP318125.010","CIP512010.20","CIP308495.237","CIP512010.20_x_CIP308495.237",TRUE,TRUE
"24-PEP-02-P05E10S000077","24-PEP-02-P05_E10","CIP318125.011","CIP512010.20","CIP308495.237","CIP512010.20_x_CIP308495.237",TRUE,TRUE
"24-PEP-02-P05E11S000085","24-PEP-02-P05_E11","CIP318125.024","CIP512010.20","CIP308495.237","CIP512010.20_x_CIP308495.237",TRUE,TRUE
"24-PEP-02-P05E12S000093","24-PEP-02-P05_E12","CIP318125.054","CIP512010.20","CIP308495.237","CIP512010.20_x_CIP308495.237",TRUE,TRUE
"24-PEP-02-P05F01S000006","24-PEP-02-P05_F01","CIP318125.055","CIP512010.20","CIP308495.237","CIP512010.20_x_CIP308495.237",TRUE,TRUE
"24-PEP-02-P05F02S000014","24-PEP-02-P05_F02","CIP318125.064","CIP512010.20","CIP308495.237","CIP512010.20_x_CIP308495.237",TRUE,TRUE
"24-PEP-02-P05F03S000022","24-PEP-02-P05_F03","CIP318125.066","CIP512010.20","CIP308495.237","CIP512010.20_x_CIP308495.237",TRUE,TRUE
"24-PEP-02-P05F04S000030","24-PEP-02-P05_F04","CIP318125.083","CIP512010.20","CIP308495.237","CIP512010.20_x_CIP308495.237",TRUE,TRUE
"24-PEP-02-P05F05S000038","24-PEP-02-P05_F05","CIP318125.085","CIP512010.20","CIP308495.237","CIP512010.20_x_CIP308495.237",TRUE,TRUE
"24-PEP-02-P05F06S000046","24-PEP-02-P05_F06","CIP318125.110","CIP512010.20","CIP308495.237","CIP512010.20_x_CIP308495.237",TRUE,TRUE
"24-PEP-02-P05F07S000054","24-PEP-02-P05_F07","CIP318125.115","CIP512010.20","CIP308495.237","CIP512010.20_x_CIP308495.237",TRUE,TRUE
"24-PEP-02-P05F08S000062","24-PEP-02-P05_F08","CIP318126.003","CIP512010.20","CIP312896.025","CIP512010.20_x_CIP312896.025",TRUE,TRUE
"24-PEP-02-P05F09S000070","24-PEP-02-P05_F09","CIP318126.011","CIP512010.20","CIP312896.025","CIP512010.20_x_CIP312896.025",TRUE,TRUE
"24-PEP-02-P05F10S000078","24-PEP-02-P05_F10","CIP318126.015","CIP512010.20","CIP312896.025","CIP512010.20_x_CIP312896.025",TRUE,TRUE
"24-PEP-02-P05F11S000086","24-PEP-02-P05_F11","CIP318126.018","CIP512010.20","CIP312896.025","CIP512010.20_x_CIP312896.025",TRUE,TRUE
"24-PEP-02-P05F12S000094","24-PEP-02-P05_F12","CIP318126.025","CIP512010.20","CIP312896.025","CIP512010.20_x_CIP312896.025",TRUE,TRUE
"24-PEP-02-P05G01S000007","24-PEP-02-P05_G01","CIP318126.030","CIP512010.20","CIP312896.025","CIP512010.20_x_CIP312896.025",TRUE,TRUE
"24-PEP-02-P05G02S000015","24-PEP-02-P05_G02","CIP318126.041","CIP512010.20","CIP312896.025","CIP512010.20_x_CIP312896.025",TRUE,TRUE
"24-PEP-02-P05G03S000023","24-PEP-02-P05_G03","CIP318126.050","CIP512010.20","CIP312896.025","CIP512010.20_x_CIP312896.025",TRUE,TRUE
"24-PEP-02-P05G04S000031","24-PEP-02-P05_G04","CIP318126.057","CIP512010.20","CIP312896.025","CIP512010.20_x_CIP312896.025",TRUE,TRUE
"24-PEP-02-P05G05S000039","24-PEP-02-P05_G05","CIP318126.067","CIP512010.20","CIP312896.025","CIP512010.20_x_CIP312896.025",TRUE,TRUE
"24-PEP-02-P05G06S000047","24-PEP-02-P05_G06","CIP318126.069","CIP512010.20","CIP312896.025","CIP512010.20_x_CIP312896.025",TRUE,TRUE
"24-PEP-02-P05G07S000055","24-PEP-02-P05_G07","CIP318126.083","CIP512010.20","CIP312896.025","CIP512010.20_x_CIP312896.025",TRUE,TRUE
"24-PEP-02-P05G08S000063","24-PEP-02-P05_G08","CIP318126.084","CIP512010.20","CIP312896.025","CIP512010.20_x_CIP312896.025",TRUE,TRUE
"24-PEP-02-P05G09S000071","24-PEP-02-P05_G09","CIP318126.085","CIP512010.20","CIP312896.025","CIP512010.20_x_CIP312896.025",TRUE,TRUE
"24-PEP-02-P05G10S000079","24-PEP-02-P05_G10","CIP318126.090","CIP512010.20","CIP312896.025","CIP512010.20_x_CIP312896.025",TRUE,TRUE
"24-PEP-02-P05G11S000087","24-PEP-02-P05_G11","CIP318126.092","CIP512010.20","CIP312896.025","CIP512010.20_x_CIP312896.025",TRUE,TRUE
"24-PEP-02-P05H01S000008","24-PEP-02-P05_H01","CIP318126.103","CIP512010.20","CIP312896.025","CIP512010.20_x_CIP312896.025",TRUE,TRUE
"24-PEP-02-P05H02S000016","24-PEP-02-P05_H02","CIP318126.110","CIP512010.20","CIP312896.025","CIP512010.20_x_CIP312896.025",TRUE,TRUE
"24-PEP-02-P05H03S000024","24-PEP-02-P05_H03","CIP318127.001","CIP512010.20","CIP312918.058","CIP512010.20_x_CIP312918.058",TRUE,TRUE
"24-PEP-02-P05H04S000032","24-PEP-02-P05_H04","CIP318127.006","CIP512010.20","CIP312918.058","CIP512010.20_x_CIP312918.058",TRUE,TRUE
"24-PEP-02-P05H05S000040","24-PEP-02-P05_H05","CIP318127.008","CIP512010.20","CIP312918.058","CIP512010.20_x_CIP312918.058",TRUE,TRUE
"24-PEP-02-P05H06S000048","24-PEP-02-P05_H06","CIP318127.010","CIP512010.20","CIP312918.058","CIP512010.20_x_CIP312918.058",TRUE,TRUE
"24-PEP-02-P05H07S000056","24-PEP-02-P05_H07","CIP318127.013","CIP512010.20","CIP312918.058","CIP512010.20_x_CIP312918.058",TRUE,TRUE
"24-PEP-02-P05H08S000064","24-PEP-02-P05_H08","CIP318127.014","CIP512010.20","CIP312918.058","CIP512010.20_x_CIP312918.058",TRUE,TRUE
"24-PEP-02-P05H09S000072","24-PEP-02-P05_H09","CIP318127.017","CIP512010.20","CIP312918.058","CIP512010.20_x_CIP312918.058",TRUE,TRUE
"24-PEP-02-P05H10S000080","24-PEP-02-P05_H10","CIP318127.019","CIP512010.20","CIP312918.058","CIP512010.20_x_CIP312918.058",TRUE,TRUE
"24-PEP-02-P05H11S000088","24-PEP-02-P05_H11","CIP318127.022","CIP512010.20","CIP312918.058","CIP512010.20_x_CIP312918.058",TRUE,TRUE
"24-PEP-02-P06A01S000001","24-PEP-02-P06_A01","CIP318127.024","CIP512010.20","CIP312918.058","CIP512010.20_x_CIP312918.058",TRUE,TRUE
"24-PEP-02-P06A02S000009","24-PEP-02-P06_A02","CIP318127.026","CIP512010.20","CIP312918.058","CIP512010.20_x_CIP312918.058",TRUE,TRUE
"24-PEP-02-P06A03S000017","24-PEP-02-P06_A03","CIP318127.028","CIP512010.20","CIP312918.058","CIP512010.20_x_CIP312918.058",TRUE,TRUE
"24-PEP-02-P06A04S000025","24-PEP-02-P06_A04","CIP318127.032","CIP512010.20","CIP312918.058","CIP512010.20_x_CIP312918.058",TRUE,TRUE
"24-PEP-02-P06A05S000033","24-PEP-02-P06_A05","CIP318127.038","CIP512010.20","CIP312918.058","CIP512010.20_x_CIP312918.058",TRUE,TRUE
"24-PEP-02-P06A06S000041","24-PEP-02-P06_A06","CIP318127.039","CIP512010.20","CIP312918.058","CIP512010.20_x_CIP312918.058",TRUE,TRUE
"24-PEP-02-P06A07S000049","24-PEP-02-P06_A07","CIP318127.042","CIP512010.20","CIP312918.058","CIP512010.20_x_CIP312918.058",TRUE,TRUE
"24-PEP-02-P06A08S000057","24-PEP-02-P06_A08","CIP318127.043","CIP512010.20","CIP312918.058","CIP512010.20_x_CIP312918.058",TRUE,TRUE
"24-PEP-02-P06A09S000065","24-PEP-02-P06_A09","CIP318127.044","CIP512010.20","CIP312918.058","CIP512010.20_x_CIP312918.058",TRUE,TRUE
"24-PEP-02-P06A10S000073","24-PEP-02-P06_A10","CIP318127.046","CIP512010.20","CIP312918.058","CIP512010.20_x_CIP312918.058",TRUE,TRUE
"24-PEP-02-P06A11S000081","24-PEP-02-P06_A11","CIP318127.048","CIP512010.20","CIP312918.058","CIP512010.20_x_CIP312918.058",TRUE,TRUE
"24-PEP-02-P06A12S000089","24-PEP-02-P06_A12","CIP318127.055","CIP512010.20","CIP312918.058","CIP512010.20_x_CIP312918.058",TRUE,TRUE
"24-PEP-02-P06B01S000002","24-PEP-02-P06_B01","CIP318127.056","CIP512010.20","CIP312918.058","CIP512010.20_x_CIP312918.058",TRUE,TRUE
"24-PEP-02-P06B02S000010","24-PEP-02-P06_B02","CIP318127.058","CIP512010.20","CIP312918.058","CIP512010.20_x_CIP312918.058",TRUE,TRUE
"24-PEP-02-P06B03S000018","24-PEP-02-P06_B03","CIP318127.064","CIP512010.20","CIP312918.058","CIP512010.20_x_CIP312918.058",TRUE,TRUE
"24-PEP-02-P06B04S000026","24-PEP-02-P06_B04","CIP318127.066","CIP512010.20","CIP312918.058","CIP512010.20_x_CIP312918.058",TRUE,TRUE
"24-PEP-02-P06B05S000034","24-PEP-02-P06_B05","CIP318127.069","CIP512010.20","CIP312918.058","CIP512010.20_x_CIP312918.058",TRUE,TRUE
"24-PEP-02-P06B06S000042","24-PEP-02-P06_B06","CIP318127.071","CIP512010.20","CIP312918.058","CIP512010.20_x_CIP312918.058",TRUE,TRUE
"24-PEP-02-P06B07S000050","24-PEP-02-P06_B07","CIP318127.083","CIP512010.20","CIP312918.058","CIP512010.20_x_CIP312918.058",TRUE,TRUE
"24-PEP-02-P06B08S000058","24-PEP-02-P06_B08","CIP318127.086","CIP512010.20","CIP312918.058","CIP512010.20_x_CIP312918.058",TRUE,TRUE
"24-PEP-02-P06B09S000066","24-PEP-02-P06_B09","CIP318127.088","CIP512010.20","CIP312918.058","CIP512010.20_x_CIP312918.058",TRUE,TRUE
"24-PEP-02-P06B10S000074","24-PEP-02-P06_B10","CIP318127.091","CIP512010.20","CIP312918.058","CIP512010.20_x_CIP312918.058",TRUE,TRUE
"24-PEP-02-P06B11S000082","24-PEP-02-P06_B11","CIP318127.099","CIP512010.20","CIP312918.058","CIP512010.20_x_CIP312918.058",TRUE,TRUE
"24-PEP-02-P06B12S000090","24-PEP-02-P06_B12","CIP318127.101","CIP512010.20","CIP312918.058","CIP512010.20_x_CIP312918.058",TRUE,TRUE
"24-PEP-02-P06C01S000003","24-PEP-02-P06_C01","CIP318127.102","CIP512010.20","CIP312918.058","CIP512010.20_x_CIP312918.058",TRUE,TRUE
"24-PEP-02-P06C02S000011","24-PEP-02-P06_C02","CIP318127.105","CIP512010.20","CIP312918.058","CIP512010.20_x_CIP312918.058",TRUE,TRUE
"24-PEP-02-P06C03S000019","24-PEP-02-P06_C03","CIP318127.107","CIP512010.20","CIP312918.058","CIP512010.20_x_CIP312918.058",TRUE,TRUE
"24-PEP-02-P06C04S000027","24-PEP-02-P06_C04","CIP318127.110","CIP512010.20","CIP312918.058","CIP512010.20_x_CIP312918.058",TRUE,TRUE
"24-PEP-02-P06C05S000035","24-PEP-02-P06_C05","CIP318127.113","CIP512010.20","CIP312918.058","CIP512010.20_x_CIP312918.058",TRUE,TRUE
"24-PEP-02-P06C06S000043","24-PEP-02-P06_C06","CIP318128.004","CIP512010.20","CIP312928.156","CIP512010.20_x_CIP312928.156",TRUE,TRUE
"24-PEP-02-P06C07S000051","24-PEP-02-P06_C07","CIP318128.009","CIP512010.20","CIP312928.156","CIP512010.20_x_CIP312928.156",TRUE,TRUE
"24-PEP-02-P06C08S000059","24-PEP-02-P06_C08","CIP318128.051","CIP512010.20","CIP312928.156","CIP512010.20_x_CIP312928.156",TRUE,TRUE
"24-PEP-02-P06C09S000067","24-PEP-02-P06_C09","CIP318128.053","CIP512010.20","CIP312928.156","CIP512010.20_x_CIP312928.156",TRUE,TRUE
"24-PEP-02-P06C10S000075","24-PEP-02-P06_C10","CIP318128.065","CIP512010.20","CIP312928.156","CIP512010.20_x_CIP312928.156",TRUE,TRUE
"24-PEP-02-P06C11S000083","24-PEP-02-P06_C11","CIP318128.070","CIP512010.20","CIP312928.156","CIP512010.20_x_CIP312928.156",TRUE,TRUE
"24-PEP-02-P06C12S000091","24-PEP-02-P06_C12","CIP318128.079","CIP512010.20","CIP312928.156","CIP512010.20_x_CIP312928.156",TRUE,TRUE
"24-PEP-02-P06D01S000004","24-PEP-02-P06_D01","CIP318128.090","CIP512010.20","CIP312928.156","CIP512010.20_x_CIP312928.156",TRUE,TRUE
"24-PEP-02-P06D02S000012","24-PEP-02-P06_D02","CIP318128.097","CIP512010.20","CIP312928.156","CIP512010.20_x_CIP312928.156",TRUE,TRUE
"24-PEP-02-P06D03S000020","24-PEP-02-P06_D03","CIP318128.104","CIP512010.20","CIP312928.156","CIP512010.20_x_CIP312928.156",TRUE,TRUE
"24-PEP-02-P06D04S000028","24-PEP-02-P06_D04","CIP318128.107","CIP512010.20","CIP312928.156","CIP512010.20_x_CIP312928.156",TRUE,TRUE
"24-PEP-02-P06D05S000036","24-PEP-02-P06_D05","CIP318128.108","CIP512010.20","CIP312928.156","CIP512010.20_x_CIP312928.156",TRUE,TRUE
"24-PEP-02-P06D06S000044","24-PEP-02-P06_D06","CIP318128.113","CIP512010.20","CIP312928.156","CIP512010.20_x_CIP312928.156",TRUE,TRUE
"24-PEP-02-P06D07S000052","24-PEP-02-P06_D07","CIP318129.001","CIP512006.80","CIP398208.620","CIP512006.80_x_CIP398208.620",TRUE,TRUE
"24-PEP-02-P06D08S000060","24-PEP-02-P06_D08","CIP318129.007","CIP512006.80","CIP398208.620","CIP512006.80_x_CIP398208.620",TRUE,TRUE
"24-PEP-02-P06D09S000068","24-PEP-02-P06_D09","CIP318129.012","CIP512006.80","CIP398208.620","CIP512006.80_x_CIP398208.620",TRUE,TRUE
"24-PEP-02-P06D10S000076","24-PEP-02-P06_D10","CIP318129.014","CIP512006.80","CIP398208.620","CIP512006.80_x_CIP398208.620",TRUE,TRUE
"24-PEP-02-P06D11S000084","24-PEP-02-P06_D11","CIP318129.017","CIP512006.80","CIP398208.620","CIP512006.80_x_CIP398208.620",TRUE,TRUE
"24-PEP-02-P06D12S000092","24-PEP-02-P06_D12","CIP318129.018","CIP512006.80","CIP398208.620","CIP512006.80_x_CIP398208.620",TRUE,TRUE
"24-PEP-02-P06E01S000005","24-PEP-02-P06_E01","CIP318129.030","CIP512006.80","CIP398208.620","CIP512006.80_x_CIP398208.620",TRUE,TRUE
"24-PEP-02-P06E02S000013","24-PEP-02-P06_E02","CIP318129.032","CIP512006.80","CIP398208.620","CIP512006.80_x_CIP398208.620",TRUE,TRUE
"24-PEP-02-P06E03S000021","24-PEP-02-P06_E03","CIP318129.039","CIP512006.80","CIP398208.620","CIP512006.80_x_CIP398208.620",TRUE,TRUE
"24-PEP-02-P06E04S000029","24-PEP-02-P06_E04","CIP318129.041","CIP512006.80","CIP398208.620","CIP512006.80_x_CIP398208.620",TRUE,TRUE
"24-PEP-02-P06E05S000037","24-PEP-02-P06_E05","CIP318129.043","CIP512006.80","CIP398208.620","CIP512006.80_x_CIP398208.620",TRUE,TRUE
"24-PEP-02-P06E06S000045","24-PEP-02-P06_E06","CIP318129.049","CIP512006.80","CIP398208.620","CIP512006.80_x_CIP398208.620",TRUE,TRUE
"24-PEP-02-P06E07S000053","24-PEP-02-P06_E07","CIP318129.050","CIP512006.80","CIP398208.620","CIP512006.80_x_CIP398208.620",TRUE,TRUE
"24-PEP-02-P06E08S000061","24-PEP-02-P06_E08","CIP318129.053","CIP512006.80","CIP398208.620","CIP512006.80_x_CIP398208.620",TRUE,TRUE
"24-PEP-02-P06E09S000069","24-PEP-02-P06_E09","CIP318129.058","CIP512006.80","CIP398208.620","CIP512006.80_x_CIP398208.620",TRUE,TRUE
"24-PEP-02-P06E10S000077","24-PEP-02-P06_E10","CIP318129.070","CIP512006.80","CIP398208.620","CIP512006.80_x_CIP398208.620",TRUE,TRUE
"24-PEP-02-P06E11S000085","24-PEP-02-P06_E11","CIP318129.080","CIP512006.80","CIP398208.620","CIP512006.80_x_CIP398208.620",TRUE,TRUE
"24-PEP-02-P06E12S000093","24-PEP-02-P06_E12","CIP318129.083","CIP512006.80","CIP398208.620","CIP512006.80_x_CIP398208.620",TRUE,TRUE
"24-PEP-02-P06F01S000006","24-PEP-02-P06_F01","CIP318129.085","CIP512006.80","CIP398208.620","CIP512006.80_x_CIP398208.620",TRUE,TRUE
"24-PEP-02-P06F02S000014","24-PEP-02-P06_F02","CIP318129.086","CIP512006.80","CIP398208.620","CIP512006.80_x_CIP398208.620",TRUE,TRUE
"24-PEP-02-P06F03S000022","24-PEP-02-P06_F03","CIP318129.089","CIP512006.80","CIP398208.620","CIP512006.80_x_CIP398208.620",TRUE,TRUE
"24-PEP-02-P06F04S000030","24-PEP-02-P06_F04","CIP318129.094","CIP512006.80","CIP398208.620","CIP512006.80_x_CIP398208.620",TRUE,TRUE
"24-PEP-02-P06F05S000038","24-PEP-02-P06_F05","CIP318129.097","CIP512006.80","CIP398208.620","CIP512006.80_x_CIP398208.620",TRUE,TRUE
"24-PEP-02-P06F06S000046","24-PEP-02-P06_F06","CIP318129.116","CIP512006.80","CIP398208.620","CIP512006.80_x_CIP398208.620",TRUE,TRUE
"24-PEP-02-P06F07S000054","24-PEP-02-P06_F07","CIP318129.120","CIP512006.80","CIP398208.620","CIP512006.80_x_CIP398208.620",TRUE,TRUE
"24-PEP-02-P06F08S000062","24-PEP-02-P06_F08","CIP318130.012","CIP512006.80","CIP398208.219","CIP512006.80_x_CIP398208.219",TRUE,TRUE
"24-PEP-02-P06F09S000070","24-PEP-02-P06_F09","CIP318130.024","CIP512006.80","CIP398208.219","CIP512006.80_x_CIP398208.219",TRUE,TRUE
"24-PEP-02-P06F10S000078","24-PEP-02-P06_F10","CIP318130.031","CIP512006.80","CIP398208.219","CIP512006.80_x_CIP398208.219",TRUE,TRUE
"24-PEP-02-P06F11S000086","24-PEP-02-P06_F11","CIP318130.032","CIP512006.80","CIP398208.219","CIP512006.80_x_CIP398208.219",TRUE,TRUE
"24-PEP-02-P06F12S000094","24-PEP-02-P06_F12","CIP318130.036","CIP512006.80","CIP398208.219","CIP512006.80_x_CIP398208.219",TRUE,TRUE
"24-PEP-02-P06G01S000007","24-PEP-02-P06_G01","CIP318130.056","CIP512006.80","CIP398208.219","CIP512006.80_x_CIP398208.219",TRUE,TRUE
"24-PEP-02-P06G02S000015","24-PEP-02-P06_G02","CIP318130.060","CIP512006.80","CIP398208.219","CIP512006.80_x_CIP398208.219",TRUE,TRUE
"24-PEP-02-P06G03S000023","24-PEP-02-P06_G03","CIP318130.063","CIP512006.80","CIP398208.219","CIP512006.80_x_CIP398208.219",TRUE,TRUE
"24-PEP-02-P06G04S000031","24-PEP-02-P06_G04","CIP318130.064","CIP512006.80","CIP398208.219","CIP512006.80_x_CIP398208.219",TRUE,TRUE
"24-PEP-02-P06G05S000039","24-PEP-02-P06_G05","CIP318130.066","CIP512006.80","CIP398208.219","CIP512006.80_x_CIP398208.219",TRUE,TRUE
"24-PEP-02-P06G06S000047","24-PEP-02-P06_G06","CIP318130.069","CIP512006.80","CIP398208.219","CIP512006.80_x_CIP398208.219",TRUE,TRUE
"24-PEP-02-P06G07S000055","24-PEP-02-P06_G07","CIP318130.071","CIP512006.80","CIP398208.219","CIP512006.80_x_CIP398208.219",TRUE,TRUE
"24-PEP-02-P06G08S000063","24-PEP-02-P06_G08","CIP318130.073","CIP512006.80","CIP398208.219","CIP512006.80_x_CIP398208.219",TRUE,TRUE
"24-PEP-02-P06G09S000071","24-PEP-02-P06_G09","CIP318130.077","CIP512006.80","CIP398208.219","CIP512006.80_x_CIP398208.219",TRUE,TRUE
"24-PEP-02-P06G10S000079","24-PEP-02-P06_G10","CIP318130.082","CIP512006.80","CIP398208.219","CIP512006.80_x_CIP398208.219",TRUE,TRUE
"24-PEP-02-P06G11S000087","24-PEP-02-P06_G11","CIP318130.084","CIP512006.80","CIP398208.219","CIP512006.80_x_CIP398208.219",TRUE,TRUE
"24-PEP-02-P06H01S000008","24-PEP-02-P06_H01","CIP318130.085","CIP512006.80","CIP398208.219","CIP512006.80_x_CIP398208.219",TRUE,TRUE
"24-PEP-02-P06H02S000016","24-PEP-02-P06_H02","CIP318130.086","CIP512006.80","CIP398208.219","CIP512006.80_x_CIP398208.219",TRUE,TRUE
"24-PEP-02-P06H03S000024","24-PEP-02-P06_H03","CIP318130.088","CIP512006.80","CIP398208.219","CIP512006.80_x_CIP398208.219",TRUE,TRUE
"24-PEP-02-P06H04S000032","24-PEP-02-P06_H04","CIP318130.091","CIP512006.80","CIP398208.219","CIP512006.80_x_CIP398208.219",TRUE,TRUE
"24-PEP-02-P06H05S000040","24-PEP-02-P06_H05","CIP318130.110","CIP512006.80","CIP398208.219","CIP512006.80_x_CIP398208.219",TRUE,TRUE
"24-PEP-02-P06H06S000048","24-PEP-02-P06_H06","CIP318130.120","CIP512006.80","CIP398208.219","CIP512006.80_x_CIP398208.219",TRUE,TRUE
"24-PEP-02-P06H07S000056","24-PEP-02-P06_H07","CIP318131.014","CIP512006.80","CIP308498.280","CIP512006.80_x_CIP308498.280",TRUE,TRUE
"24-PEP-02-P06H08S000064","24-PEP-02-P06_H08","CIP318131.034","CIP512006.80","CIP308498.280","CIP512006.80_x_CIP308498.280",TRUE,TRUE
"24-PEP-02-P06H09S000072","24-PEP-02-P06_H09","CIP318131.038","CIP512006.80","CIP308498.280","CIP512006.80_x_CIP308498.280",TRUE,TRUE
"24-PEP-02-P06H10S000080","24-PEP-02-P06_H10","CIP318131.076","CIP512006.80","CIP308498.280","CIP512006.80_x_CIP308498.280",TRUE,TRUE
"24-PEP-02-P06H11S000088","24-PEP-02-P06_H11","CIP318131.089","CIP512006.80","CIP308498.280","CIP512006.80_x_CIP308498.280",TRUE,TRUE
"24-PEP-02-P07A01S000001","24-PEP-02-P07_A01","CIP318132.002","CIP512006.80","CIP312896.025","CIP512006.80_x_CIP312896.025",TRUE,TRUE
"24-PEP-02-P07A02S000009","24-PEP-02-P07_A02","CIP318132.005","CIP512006.80","CIP312896.025","CIP512006.80_x_CIP312896.025",TRUE,TRUE
"24-PEP-02-P07A03S000017","24-PEP-02-P07_A03","CIP318132.010","CIP512006.80","CIP312896.025","CIP512006.80_x_CIP312896.025",TRUE,TRUE
"24-PEP-02-P07A04S000025","24-PEP-02-P07_A04","CIP318132.013","CIP512006.80","CIP312896.025","CIP512006.80_x_CIP312896.025",TRUE,TRUE
"24-PEP-02-P07A05S000033","24-PEP-02-P07_A05","CIP318132.019","CIP512006.80","CIP312896.025","CIP512006.80_x_CIP312896.025",TRUE,TRUE
"24-PEP-02-P07A06S000041","24-PEP-02-P07_A06","CIP318132.024","CIP512006.80","CIP312896.025","CIP512006.80_x_CIP312896.025",TRUE,TRUE
"24-PEP-02-P07A07S000049","24-PEP-02-P07_A07","CIP318132.025","CIP512006.80","CIP312896.025","CIP512006.80_x_CIP312896.025",TRUE,TRUE
"24-PEP-02-P07A08S000057","24-PEP-02-P07_A08","CIP318132.026","CIP512006.80","CIP312896.025","CIP512006.80_x_CIP312896.025",TRUE,TRUE
"24-PEP-02-P07A09S000065","24-PEP-02-P07_A09","CIP318132.032","CIP512006.80","CIP312896.025","CIP512006.80_x_CIP312896.025",TRUE,TRUE
"24-PEP-02-P07A10S000073","24-PEP-02-P07_A10","CIP318132.037","CIP512006.80","CIP312896.025","CIP512006.80_x_CIP312896.025",TRUE,TRUE
"24-PEP-02-P07A11S000081","24-PEP-02-P07_A11","CIP318132.044","CIP512006.80","CIP312896.025","CIP512006.80_x_CIP312896.025",TRUE,TRUE
"24-PEP-02-P07A12S000089","24-PEP-02-P07_A12","CIP318132.045","CIP512006.80","CIP312896.025","CIP512006.80_x_CIP312896.025",TRUE,TRUE
"24-PEP-02-P07B01S000002","24-PEP-02-P07_B01","CIP318132.046","CIP512006.80","CIP312896.025","CIP512006.80_x_CIP312896.025",TRUE,TRUE
"24-PEP-02-P07B02S000010","24-PEP-02-P07_B02","CIP318132.051","CIP512006.80","CIP312896.025","CIP512006.80_x_CIP312896.025",TRUE,TRUE
"24-PEP-02-P07B03S000018","24-PEP-02-P07_B03","CIP318132.052","CIP512006.80","CIP312896.025","CIP512006.80_x_CIP312896.025",TRUE,TRUE
"24-PEP-02-P07B04S000026","24-PEP-02-P07_B04","CIP318132.053","CIP512006.80","CIP312896.025","CIP512006.80_x_CIP312896.025",TRUE,TRUE
"24-PEP-02-P07B05S000034","24-PEP-02-P07_B05","CIP318132.054","CIP512006.80","CIP312896.025","CIP512006.80_x_CIP312896.025",TRUE,TRUE
"24-PEP-02-P07B06S000042","24-PEP-02-P07_B06","CIP318132.055","CIP512006.80","CIP312896.025","CIP512006.80_x_CIP312896.025",TRUE,TRUE
"24-PEP-02-P07B07S000050","24-PEP-02-P07_B07","CIP318132.057","CIP512006.80","CIP312896.025","CIP512006.80_x_CIP312896.025",TRUE,TRUE
"24-PEP-02-P07B08S000058","24-PEP-02-P07_B08","CIP318132.062","CIP512006.80","CIP312896.025","CIP512006.80_x_CIP312896.025",TRUE,TRUE
"24-PEP-02-P07B09S000066","24-PEP-02-P07_B09","CIP318132.074","CIP512006.80","CIP312896.025","CIP512006.80_x_CIP312896.025",TRUE,TRUE
"24-PEP-02-P07B10S000074","24-PEP-02-P07_B10","CIP318132.079","CIP512006.80","CIP312896.025","CIP512006.80_x_CIP312896.025",TRUE,TRUE
"24-PEP-02-P07B11S000082","24-PEP-02-P07_B11","CIP318132.084","CIP512006.80","CIP312896.025","CIP512006.80_x_CIP312896.025",TRUE,TRUE
"24-PEP-02-P07B12S000090","24-PEP-02-P07_B12","CIP318132.085","CIP512006.80","CIP312896.025","CIP512006.80_x_CIP312896.025",TRUE,TRUE
"24-PEP-02-P07C01S000003","24-PEP-02-P07_C01","CIP318132.092","CIP512006.80","CIP312896.025","CIP512006.80_x_CIP312896.025",TRUE,TRUE
"24-PEP-02-P07C02S000011","24-PEP-02-P07_C02","CIP318132.094","CIP512006.80","CIP312896.025","CIP512006.80_x_CIP312896.025",TRUE,TRUE
"24-PEP-02-P07C03S000019","24-PEP-02-P07_C03","CIP318132.109","CIP512006.80","CIP312896.025","CIP512006.80_x_CIP312896.025",TRUE,TRUE
"24-PEP-02-P07C04S000027","24-PEP-02-P07_C04","CIP318132.115","CIP512006.80","CIP312896.025","CIP512006.80_x_CIP312896.025",TRUE,TRUE
"24-PEP-02-P07C05S000035","24-PEP-02-P07_C05","CIP318132.117","CIP512006.80","CIP312896.025","CIP512006.80_x_CIP312896.025",TRUE,TRUE
"24-PEP-02-P07C06S000043","24-PEP-02-P07_C06","CIP318133.001","CIP512007.99","CIP398208.620","CIP512007.99_x_CIP398208.620",TRUE,TRUE
"24-PEP-02-P07C07S000051","24-PEP-02-P07_C07","CIP318133.003","CIP512007.99","CIP398208.620","CIP512007.99_x_CIP398208.620",TRUE,TRUE
"24-PEP-02-P07C08S000059","24-PEP-02-P07_C08","CIP318133.004","CIP512007.99","CIP398208.620","CIP512007.99_x_CIP398208.620",TRUE,TRUE
"24-PEP-02-P07C09S000067","24-PEP-02-P07_C09","CIP318133.006","CIP512007.99","CIP398208.620","CIP512007.99_x_CIP398208.620",TRUE,TRUE
"24-PEP-02-P07C10S000075","24-PEP-02-P07_C10","CIP318133.007","CIP512007.99","CIP398208.620","CIP512007.99_x_CIP398208.620",TRUE,TRUE
"24-PEP-02-P07C11S000083","24-PEP-02-P07_C11","CIP318133.010","CIP512007.99","CIP398208.620","CIP512007.99_x_CIP398208.620",TRUE,TRUE
"24-PEP-02-P07C12S000091","24-PEP-02-P07_C12","CIP318133.012","CIP512007.99","CIP398208.620","CIP512007.99_x_CIP398208.620",TRUE,TRUE
"24-PEP-02-P07D01S000004","24-PEP-02-P07_D01","CIP318133.013","CIP512007.99","CIP398208.620","CIP512007.99_x_CIP398208.620",TRUE,TRUE
"24-PEP-02-P07D02S000012","24-PEP-02-P07_D02","CIP318133.017","CIP512007.99","CIP398208.620","CIP512007.99_x_CIP398208.620",TRUE,TRUE
"24-PEP-02-P07D03S000020","24-PEP-02-P07_D03","CIP318133.018","CIP512007.99","CIP398208.620","CIP512007.99_x_CIP398208.620",TRUE,TRUE
"24-PEP-02-P07D04S000028","24-PEP-02-P07_D04","CIP318133.046","CIP512007.99","CIP398208.620","CIP512007.99_x_CIP398208.620",TRUE,TRUE
"24-PEP-02-P07D05S000036","24-PEP-02-P07_D05","CIP318133.060","CIP512007.99","CIP398208.620","CIP512007.99_x_CIP398208.620",TRUE,TRUE
"24-PEP-02-P07D06S000044","24-PEP-02-P07_D06","CIP318133.063","CIP512007.99","CIP398208.620","CIP512007.99_x_CIP398208.620",TRUE,TRUE
"24-PEP-02-P07D07S000052","24-PEP-02-P07_D07","CIP318133.068","CIP512007.99","CIP398208.620","CIP512007.99_x_CIP398208.620",TRUE,TRUE
"24-PEP-02-P07D08S000060","24-PEP-02-P07_D08","CIP318133.073","CIP512007.99","CIP398208.620","CIP512007.99_x_CIP398208.620",TRUE,TRUE
"24-PEP-02-P07D09S000068","24-PEP-02-P07_D09","CIP318133.085","CIP512007.99","CIP398208.620","CIP512007.99_x_CIP398208.620",TRUE,TRUE
"24-PEP-02-P07D10S000076","24-PEP-02-P07_D10","CIP318133.093","CIP512007.99","CIP398208.620","CIP512007.99_x_CIP398208.620",TRUE,TRUE
"24-PEP-02-P07D11S000084","24-PEP-02-P07_D11","CIP318133.098","CIP512007.99","CIP398208.620","CIP512007.99_x_CIP398208.620",TRUE,TRUE
"24-PEP-02-P07D12S000092","24-PEP-02-P07_D12","CIP318133.100","CIP512007.99","CIP398208.620","CIP512007.99_x_CIP398208.620",TRUE,TRUE
"24-PEP-02-P07E01S000005","24-PEP-02-P07_E01","CIP318133.104","CIP512007.99","CIP398208.620","CIP512007.99_x_CIP398208.620",TRUE,TRUE
"24-PEP-02-P07E02S000013","24-PEP-02-P07_E02","CIP318133.106","CIP512007.99","CIP398208.620","CIP512007.99_x_CIP398208.620",TRUE,TRUE
"24-PEP-02-P07E03S000021","24-PEP-02-P07_E03","CIP318133.115","CIP512007.99","CIP398208.620","CIP512007.99_x_CIP398208.620",TRUE,TRUE
"24-PEP-02-P07E04S000029","24-PEP-02-P07_E04","CIP318134.001","CIP512007.99","CIP308498.280","CIP512007.99_x_CIP308498.280",TRUE,TRUE
"24-PEP-02-P07E05S000037","24-PEP-02-P07_E05","CIP318134.010","CIP512007.99","CIP308498.280","CIP512007.99_x_CIP308498.280",TRUE,TRUE
"24-PEP-02-P07E06S000045","24-PEP-02-P07_E06","CIP318134.017","CIP512007.99","CIP308498.280","CIP512007.99_x_CIP308498.280",TRUE,TRUE
"24-PEP-02-P07E07S000053","24-PEP-02-P07_E07","CIP318134.053","CIP512007.99","CIP308498.280","CIP512007.99_x_CIP308498.280",TRUE,TRUE
"24-PEP-02-P07E08S000061","24-PEP-02-P07_E08","CIP318134.059","CIP512007.99","CIP308498.280","CIP512007.99_x_CIP308498.280",TRUE,TRUE
"24-PEP-02-P07E09S000069","24-PEP-02-P07_E09","CIP318134.087","CIP512007.99","CIP308498.280","CIP512007.99_x_CIP308498.280",TRUE,TRUE
"24-PEP-02-P07E10S000077","24-PEP-02-P07_E10","CIP318134.095","CIP512007.99","CIP308498.280","CIP512007.99_x_CIP308498.280",TRUE,TRUE
"24-PEP-02-P07E11S000085","24-PEP-02-P07_E11","CIP318134.097","CIP512007.99","CIP308498.280","CIP512007.99_x_CIP308498.280",TRUE,TRUE
"24-PEP-02-P07E12S000093","24-PEP-02-P07_E12","CIP318134.098","CIP512007.99","CIP308498.280","CIP512007.99_x_CIP308498.280",TRUE,TRUE
"24-PEP-02-P07F01S000006","24-PEP-02-P07_F01","CIP318134.107","CIP512007.99","CIP308498.280","CIP512007.99_x_CIP308498.280",TRUE,TRUE
"24-PEP-02-P07F02S000014","24-PEP-02-P07_F02","CIP318134.115","CIP512007.99","CIP308498.280","CIP512007.99_x_CIP308498.280",TRUE,TRUE
"24-PEP-02-P07F03S000022","24-PEP-02-P07_F03","CIP318134.118","CIP512007.99","CIP308498.280","CIP512007.99_x_CIP308498.280",TRUE,TRUE
"24-PEP-02-P07F04S000030","24-PEP-02-P07_F04","CIP318134.120","CIP512007.99","CIP308498.280","CIP512007.99_x_CIP308498.280",TRUE,TRUE
"24-PEP-02-P07F05S000038","24-PEP-02-P07_F05","CIP318135.005","CIP512007.99","CIP312896.025","CIP512007.99_x_CIP312896.025",TRUE,TRUE
"24-PEP-02-P07F06S000046","24-PEP-02-P07_F06","CIP318135.007","CIP512007.99","CIP312896.025","CIP512007.99_x_CIP312896.025",TRUE,TRUE
"24-PEP-02-P07F07S000054","24-PEP-02-P07_F07","CIP318135.022","CIP512007.99","CIP312896.025","CIP512007.99_x_CIP312896.025",TRUE,TRUE
"24-PEP-02-P07F08S000062","24-PEP-02-P07_F08","CIP318135.024","CIP512007.99","CIP312896.025","CIP512007.99_x_CIP312896.025",TRUE,TRUE
"24-PEP-02-P07F09S000070","24-PEP-02-P07_F09","CIP318135.025","CIP512007.99","CIP312896.025","CIP512007.99_x_CIP312896.025",TRUE,TRUE
"24-PEP-02-P07F10S000078","24-PEP-02-P07_F10","CIP318135.027","CIP512007.99","CIP312896.025","CIP512007.99_x_CIP312896.025",TRUE,TRUE
"24-PEP-02-P07F11S000086","24-PEP-02-P07_F11","CIP318135.029","CIP512007.99","CIP312896.025","CIP512007.99_x_CIP312896.025",TRUE,TRUE
"24-PEP-02-P07F12S000094","24-PEP-02-P07_F12","CIP318135.034","CIP512007.99","CIP312896.025","CIP512007.99_x_CIP312896.025",TRUE,TRUE
"24-PEP-02-P07G01S000007","24-PEP-02-P07_G01","CIP318135.038","CIP512007.99","CIP312896.025","CIP512007.99_x_CIP312896.025",TRUE,TRUE
"24-PEP-02-P07G02S000015","24-PEP-02-P07_G02","CIP318135.041","CIP512007.99","CIP312896.025","CIP512007.99_x_CIP312896.025",TRUE,TRUE
"24-PEP-02-P07G03S000023","24-PEP-02-P07_G03","CIP318135.042","CIP512007.99","CIP312896.025","CIP512007.99_x_CIP312896.025",TRUE,TRUE
"24-PEP-02-P07G04S000031","24-PEP-02-P07_G04","CIP318135.047","CIP512007.99","CIP312896.025","CIP512007.99_x_CIP312896.025",TRUE,TRUE
"24-PEP-02-P07G05S000039","24-PEP-02-P07_G05","CIP318135.051","CIP512007.99","CIP312896.025","CIP512007.99_x_CIP312896.025",TRUE,TRUE
"24-PEP-02-P07G06S000047","24-PEP-02-P07_G06","CIP318135.052","CIP512007.99","CIP312896.025","CIP512007.99_x_CIP312896.025",TRUE,TRUE
"24-PEP-02-P07G07S000055","24-PEP-02-P07_G07","CIP318135.053","CIP512007.99","CIP312896.025","CIP512007.99_x_CIP312896.025",TRUE,TRUE
"24-PEP-02-P07G08S000063","24-PEP-02-P07_G08","CIP318135.054","CIP512007.99","CIP312896.025","CIP512007.99_x_CIP312896.025",TRUE,TRUE
"24-PEP-02-P07G09S000071","24-PEP-02-P07_G09","CIP318135.058","CIP512007.99","CIP312896.025","CIP512007.99_x_CIP312896.025",TRUE,TRUE
"24-PEP-02-P07G10S000079","24-PEP-02-P07_G10","CIP318135.060","CIP512007.99","CIP312896.025","CIP512007.99_x_CIP312896.025",TRUE,TRUE
"24-PEP-02-P07G11S000087","24-PEP-02-P07_G11","CIP318135.066","CIP512007.99","CIP312896.025","CIP512007.99_x_CIP312896.025",TRUE,TRUE
"24-PEP-02-P07H01S000008","24-PEP-02-P07_H01","CIP318135.068","CIP512007.99","CIP312896.025","CIP512007.99_x_CIP312896.025",TRUE,TRUE
"24-PEP-02-P07H02S000016","24-PEP-02-P07_H02","CIP318135.070","CIP512007.99","CIP312896.025","CIP512007.99_x_CIP312896.025",TRUE,TRUE
"24-PEP-02-P07H03S000024","24-PEP-02-P07_H03","CIP318135.072","CIP512007.99","CIP312896.025","CIP512007.99_x_CIP312896.025",TRUE,TRUE
"24-PEP-02-P07H04S000032","24-PEP-02-P07_H04","CIP318135.073","CIP512007.99","CIP312896.025","CIP512007.99_x_CIP312896.025",TRUE,TRUE
"24-PEP-02-P07H05S000040","24-PEP-02-P07_H05","CIP318135.074","CIP512007.99","CIP312896.025","CIP512007.99_x_CIP312896.025",TRUE,TRUE
"24-PEP-02-P07H06S000048","24-PEP-02-P07_H06","CIP318135.077","CIP512007.99","CIP312896.025","CIP512007.99_x_CIP312896.025",TRUE,TRUE
"24-PEP-02-P07H07S000056","24-PEP-02-P07_H07","CIP318135.078","CIP512007.99","CIP312896.025","CIP512007.99_x_CIP312896.025",TRUE,TRUE
"24-PEP-02-P07H08S000064","24-PEP-02-P07_H08","CIP318135.083","CIP512007.99","CIP312896.025","CIP512007.99_x_CIP312896.025",TRUE,TRUE
"24-PEP-02-P07H09S000072","24-PEP-02-P07_H09","CIP318135.084","CIP512007.99","CIP312896.025","CIP512007.99_x_CIP312896.025",TRUE,TRUE
"24-PEP-02-P07H10S000080","24-PEP-02-P07_H10","CIP318135.085","CIP512007.99","CIP312896.025","CIP512007.99_x_CIP312896.025",TRUE,TRUE
"24-PEP-02-P07H11S000088","24-PEP-02-P07_H11","CIP318135.089","CIP512007.99","CIP312896.025","CIP512007.99_x_CIP312896.025",TRUE,TRUE
"24-PEP-02-P08A01S000001","24-PEP-02-P08_A01","CIP318135.094","CIP512007.99","CIP312896.025","CIP512007.99_x_CIP312896.025",TRUE,TRUE
"24-PEP-02-P08A02S000009","24-PEP-02-P08_A02","CIP318135.100","CIP512007.99","CIP312896.025","CIP512007.99_x_CIP312896.025",TRUE,TRUE
"24-PEP-02-P08A03S000017","24-PEP-02-P08_A03","CIP318135.102","CIP512007.99","CIP312896.025","CIP512007.99_x_CIP312896.025",TRUE,TRUE
"24-PEP-02-P08A04S000025","24-PEP-02-P08_A04","CIP318135.103","CIP512007.99","CIP312896.025","CIP512007.99_x_CIP312896.025",TRUE,TRUE
"24-PEP-02-P08A05S000033","24-PEP-02-P08_A05","CIP318135.106","CIP512007.99","CIP312896.025","CIP512007.99_x_CIP312896.025",TRUE,TRUE
"24-PEP-02-P08A06S000041","24-PEP-02-P08_A06","CIP318135.114","CIP512007.99","CIP312896.025","CIP512007.99_x_CIP312896.025",TRUE,TRUE
"24-PEP-02-P08A07S000049","24-PEP-02-P08_A07","CIP318135.116","CIP512007.99","CIP312896.025","CIP512007.99_x_CIP312896.025",TRUE,TRUE
"24-PEP-02-P08A08S000057","24-PEP-02-P08_A08","CIP318135.118","CIP512007.99","CIP312896.025","CIP512007.99_x_CIP312896.025",TRUE,TRUE
"24-PEP-02-P08A09S000065","24-PEP-02-P08_A09","CIP318135.119","CIP512007.99","CIP312896.025","CIP512007.99_x_CIP312896.025",TRUE,TRUE
